No.,Product Family,SKU,PDP URL,Severity,Issue Type,Status,EnergyGuide PDF Link,EG Link Status,PDP kWh,PDP Capacity (cu.ft),PLP E-STAR,PDP E-STAR Badge,PDP Spec E-STAR,OCR Model,OCR kWh,OCR Capacity (cu.ft),OCR Status,EPA kWh,EPA Capacity (cu.ft),EPA Status,EPA Match,Description
1,냉장고,RF18A5101MT/AA,https://www.samsung.com/us/refrigerators/french-door/18-cu-ft-counter-depth-3-door-french-door-refrigerator-in-matte-black-steel-sku-rf18a5101mt-aa,PASS,NO_AUTOMATED_EXCEPTION,LISTED,https://images.samsung.com/is/content/samsung/p6pim/us/rf18a5101mt-aa/energyguide/us-energyguide-rf18a5101mt-aa-551291736.pdf,OK,540,17.5,PRESENT,PRESENT,PRESENT,RF18A5101,540,17.5,OCR_PARSED,,,PRESENT,"[{""source_record_name"": ""page-0001"", ""source_body_sha256"": ""de1b6aad57fa98c88c13857a5c682a91914f12cc0da940e245b68fc702cb5c29"", ""source_row_id"": ""row-dg5i~ek2y_ite4"", ""pd_id"": ""2370260"", ""brand_name"": ""Samsung"", ""model_number_raw"": ""RF18A5101**"", ""energy_star_model_identifier"": ""ES_1023593_RF18A5101**_11252020073930_5550000_""}]","[Basis] No automated issues found
[Comparison]
  Model: OCR=RF18A5101; PDP=RF18A5101MT/AA; assessment=MODEL_PREFIX_INCLUDED
  kWh: OCR=540 vs PDP=540 -> MATCH
  Capacity: OCR=17.5 vs PDP=17.5 -> MATCH"
2,냉장고,RF18A5101S9/AA,https://www.samsung.com/us/refrigerators/french-door/18-cu-ft-smart-counter-depth-3-door-french-door-refrigerator-in-stainless-look-sku-rf18a5101s9-aa,PASS,NO_AUTOMATED_EXCEPTION,LISTED,https://images.samsung.com/is/content/samsung/p6pim/us/rf18a5101s9-aa/energyguide/us-energyguide-rf18a5101s9-aa-550727367.pdf,OK,540,17.5,PRESENT,PRESENT,PRESENT,RF18A5101,540,17.5,OCR_PARSED,,,PRESENT,"[{""source_record_name"": ""page-0001"", ""source_body_sha256"": ""de1b6aad57fa98c88c13857a5c682a91914f12cc0da940e245b68fc702cb5c29"", ""source_row_id"": ""row-dg5i~ek2y_ite4"", ""pd_id"": ""2370260"", ""brand_name"": ""Samsung"", ""model_number_raw"": ""RF18A5101**"", ""energy_star_model_identifier"": ""ES_1023593_RF18A5101**_11252020073930_5550000_""}]","[Basis] No automated issues found
[Comparison]
  Model: OCR=RF18A5101; PDP=RF18A5101S9/AA; assessment=MODEL_PREFIX_INCLUDED
  kWh: OCR=540 vs PDP=540 -> MATCH
  Capacity: OCR=17.5 vs PDP=17.5 -> MATCH"
3,냉장고,RF18A5101SR/AA,https://www.samsung.com/us/refrigerators/french-door/18-cu-ft-smart-counter-depth-3-door-french-door-refrigerator-in-stainless-steel-sku-rf18a5101sr-aa,PASS,NO_AUTOMATED_EXCEPTION,LISTED,https://images.samsung.com/is/content/samsung/p6pim/us/rf18a5101sr-aa/energyguide/us-energyguide-rf18a5101sr-aa-550553475.pdf,OK,540,17.5,PRESENT,PRESENT,PRESENT,RF18A5101,540,17.5,OCR_PARSED,,,PRESENT,"[{""source_record_name"": ""page-0001"", ""source_body_sha256"": ""de1b6aad57fa98c88c13857a5c682a91914f12cc0da940e245b68fc702cb5c29"", ""source_row_id"": ""row-dg5i~ek2y_ite4"", ""pd_id"": ""2370260"", ""brand_name"": ""Samsung"", ""model_number_raw"": ""RF18A5101**"", ""energy_star_model_identifier"": ""ES_1023593_RF18A5101**_11252020073930_5550000_""}]","[Basis] No automated issues found
[Comparison]
  Model: OCR=RF18A5101; PDP=RF18A5101SR/AA; assessment=MODEL_PREFIX_INCLUDED
  kWh: OCR=540 vs PDP=540 -> MATCH
  Capacity: OCR=17.5 vs PDP=17.5 -> MATCH"
4,냉장고,RF22A4111SR/AA,https://www.samsung.com/us/refrigerators/french-door/bespoke-ai-22-cu-ft-3-door-french-door-refrigerator-with-auto-ice-maker-and-all-around-cooling-in-stainless-steel-sku-rf22a4111sr-aa,PASS,NO_AUTOMATED_EXCEPTION,LISTED,https://images.samsung.com/is/content/samsung/p6pim/us/rf22a4111sr-aa/energyguide/us-energyguide-rf22a4111sr-aa-552090373.pdf,OK,585,22.1,PRESENT,PRESENT,PRESENT,RF22A4111,585,22.1,OCR_PARSED,,,PRESENT,"[{""source_record_name"": ""page-0001"", ""source_body_sha256"": ""de1b6aad57fa98c88c13857a5c682a91914f12cc0da940e245b68fc702cb5c29"", ""source_row_id"": ""row-rq9i-nrsy.rzw3"", ""pd_id"": ""2381702"", ""brand_name"": ""Samsung"", ""model_number_raw"": ""RF22A4111**"", ""energy_star_model_identifier"": ""ES_1023593_RF22A4111**_07062021022937_80084641""}]","[Basis] No automated issues found
[Comparison]
  Model: OCR=RF22A4111; PDP=RF22A4111SR/AA; assessment=MODEL_PREFIX_INCLUDED
  kWh: OCR=585 vs PDP=585 -> MATCH
  Capacity: OCR=22.1 vs PDP=22.1 -> MATCH"
5,냉장고,RF22A4221SR/AA,https://www.samsung.com/us/refrigerators/french-door/22-cu-ft-smart-3-door-french-door-refrigerator-with-external-water-dispenser-in-fingerprint-resistant-stainless-steel-sku-rf22a4221sr-aa,PASS,NO_AUTOMATED_EXCEPTION,LISTED,https://images.samsung.com/is/content/samsung/p6pim/us/rf22a4221sr-aa/energyguide/us-energyguide-rf22a4221sr-aa-553528335.pdf,OK,585,22,PRESENT,PRESENT,PRESENT,RF22A4221**,585,22,OCR_PARSED,,,PRESENT,"[{""source_record_name"": ""page-0001"", ""source_body_sha256"": ""de1b6aad57fa98c88c13857a5c682a91914f12cc0da940e245b68fc702cb5c29"", ""source_row_id"": ""row-b4rt-npz6_jzky"", ""pd_id"": ""2381700"", ""brand_name"": ""Samsung"", ""model_number_raw"": ""RF22A4221**"", ""energy_star_model_identifier"": ""ES_1023593_RF22A4221**_07062021022937_80084641""}]","[Basis] No automated issues found
[Comparison]
  Model: OCR=RF22A4221**; PDP=RF22A4221SR/AA; assessment=MODEL_PREFIX_INCLUDED
  kWh: OCR=585 vs PDP=585 -> MATCH
  Capacity: OCR=22 vs PDP=22 -> MATCH"
6,냉장고,RF23BB860012AA,https://www.samsung.com/us/refrigerators/french-door/bespoke-4-door-french-door-refrigerator-23-cu-ft-with-beverage-center-in-white-glass-sku-rf23bb860012aa,PASS,NO_AUTOMATED_EXCEPTION,LISTED,https://images.samsung.com/is/content/samsung/p6pim/us/rf23bb860012aa/energyguide/us-energyguide-rf23bb860012aa-551019021.pdf,OK,621,22.8,PRESENT,PRESENT,PRESENT,RF23BB8600**,621,22.8,OCR_PARSED,,,PRESENT,"[{""source_record_name"": ""page-0001"", ""source_body_sha256"": ""de1b6aad57fa98c88c13857a5c682a91914f12cc0da940e245b68fc702cb5c29"", ""source_row_id"": ""row-fcq3-t9tr_pn5k"", ""pd_id"": ""2388425"", ""brand_name"": ""Samsung"", ""model_number_raw"": ""RF23BB8600**"", ""energy_star_model_identifier"": ""ES_1023593_RF23BB8600**_11232021115542_80104659""}]","[Basis] No automated issues found
[Comparison]
  Model: OCR=RF23BB8600**; PDP=RF23BB860012AA; assessment=MODEL_PREFIX_INCLUDED
  kWh: OCR=621 vs PDP=621 -> MATCH
  Capacity: OCR=22.8 vs PDP=22.8 -> MATCH"
7,냉장고,RF23BB86004MAA,https://www.samsung.com/us/refrigerators/french-door/bespoke-4-door-french-door-refrigerator-23-cu-ft-with-beverage-center-in-morning-blue-glass-top-panels-and-white-glass-middle-and-bottom-panels-sku-rf23bb86004maa,PASS,NO_AUTOMATED_EXCEPTION,LISTED,https://images.samsung.com/is/content/samsung/p6pim/us/rf23bb86004maa/energyguide/us-energyguide-rf23bb86004maa-551019307.pdf,OK,621,22.8,PRESENT,PRESENT,PRESENT,RF23BB8600**,621,22.8,OCR_PARSED,,,PRESENT,"[{""source_record_name"": ""page-0001"", ""source_body_sha256"": ""de1b6aad57fa98c88c13857a5c682a91914f12cc0da940e245b68fc702cb5c29"", ""source_row_id"": ""row-fcq3-t9tr_pn5k"", ""pd_id"": ""2388425"", ""brand_name"": ""Samsung"", ""model_number_raw"": ""RF23BB8600**"", ""energy_star_model_identifier"": ""ES_1023593_RF23BB8600**_11232021115542_80104659""}]","[Basis] No automated issues found
[Comparison]
  Model: OCR=RF23BB8600**; PDP=RF23BB86004MAA; assessment=MODEL_PREFIX_INCLUDED
  kWh: OCR=621 vs PDP=621 -> MATCH
  Capacity: OCR=22.8 vs PDP=22.8 -> MATCH"
8,냉장고,RF23BB8600QLAA,https://www.samsung.com/us/refrigerators/french-door/bespoke-4-door-french-door-refrigerator-23-cu-ft-with-beverage-center-in-stainless-steel-sku-rf23bb8600qlaa,PASS,NO_AUTOMATED_EXCEPTION,LISTED,https://images.samsung.com/is/content/samsung/p6pim/us/rf23bb8600qlaa/energyguide/us-energyguide-rf23bb8600qlaa-551019423.pdf,OK,621,22.8,PRESENT,PRESENT,PRESENT,RF23BB8600**,621,22.8,OCR_PARSED,,,PRESENT,"[{""source_record_name"": ""page-0001"", ""source_body_sha256"": ""de1b6aad57fa98c88c13857a5c682a91914f12cc0da940e245b68fc702cb5c29"", ""source_row_id"": ""row-fcq3-t9tr_pn5k"", ""pd_id"": ""2388425"", ""brand_name"": ""Samsung"", ""model_number_raw"": ""RF23BB8600**"", ""energy_star_model_identifier"": ""ES_1023593_RF23BB8600**_11232021115542_80104659""}]","[Basis] No automated issues found
[Comparison]
  Model: OCR=RF23BB8600**; PDP=RF23BB8600QLAA; assessment=MODEL_PREFIX_INCLUDED
  kWh: OCR=621 vs PDP=621 -> MATCH
  Capacity: OCR=22.8 vs PDP=22.8 -> MATCH"
9,냉장고,RF23DB9600QLAA,https://www.samsung.com/us/refrigerators/french-door/bespoke-counter-depth-4-door-flex-refrigerator-23-cu-ft-with-beverage-center-in-stainless-steel-sku-rf23db9600qlaa,PASS,NO_AUTOMATED_EXCEPTION,LISTED,https://images.samsung.com/is/content/samsung/p6pim/us/rf23db9600qlaa/energyguide/us-energyguide-rf23db9600qlaa-551385158.pdf,OK,634,22.8,PRESENT,PRESENT,PRESENT,RF23D*9600**,634,22.8,OCR_PARSED,,,PRESENT,"[{""source_record_name"": ""page-0004"", ""source_body_sha256"": ""96edd38591447359888b8d853b0bc3dc6e0ad1eccbd1e2a6f260e42a2ea09b0f"", ""source_row_id"": ""row-pa3b.35uz_3kir"", ""pd_id"": ""2839420"", ""brand_name"": ""Samsung"", ""model_number_raw"": ""RF23D*9600**"", ""energy_star_model_identifier"": ""ES_1023593_RF23D*9600**_12112023144226_80192002""}]","[Basis] No automated issues found
[Comparison]
  Model: OCR=RF23D*9600**; PDP=RF23DB9600QLAA; assessment=MODEL_PREFIX_INCLUDED
  kWh: OCR=634 vs PDP=634 -> MATCH
  Capacity: OCR=22.8 vs PDP=22.8 -> MATCH"
10,냉장고,RF23DB9750QLAA,https://www.samsung.com/us/refrigerators/french-door/bespoke-counter-depth-4-door-flex-refrigerator-23-cu-ft-with-beverage-zone-and-auto-open-door-in-stainless-steel-sku-rf23db9750qlaa,LOW,PDP_ANNUAL_ENERGY_MISSING,LISTED,https://images.samsung.com/is/content/samsung/p6pim/us/rf23db9750qlaa/energyguide/us-energyguide-rf23db9750qlaa-551089890.pdf,OK,,,PRESENT,PRESENT,PRESENT,RF23DB9750**,634,22.8,OCR_NUMERIC_DIFFERENCE,634,,PRESENT,"[{""source_record_name"": ""page-0004"", ""source_body_sha256"": ""96edd38591447359888b8d853b0bc3dc6e0ad1eccbd1e2a6f260e42a2ea09b0f"", ""source_row_id"": ""row-2g58-q3t5.h86h"", ""pd_id"": ""2839418"", ""brand_name"": ""Samsung"", ""model_number_raw"": ""RF23DB9750**"", ""energy_star_model_identifier"": ""ES_1023593_RF23DB9750**_12112023144226_80192002""}]","[Basis] PDP_ANNUAL_ENERGY_MISSING
[Comparison]
  Model: OCR=RF23DB9750**; PDP=RF23DB9750QLAA; assessment=MODEL_PREFIX_INCLUDED
[Mismatch] PDP_ANNUAL_ENERGY_MISSING
[Action] Verify and complete the PDP annual energy disclosure."
11,냉장고,RF23DB990012AA,https://www.samsung.com/us/refrigerators/french-door/bespoke-counter-depth-4-door-flex-refrigerator-23-cu-ft-with-family-hub-32-and-ai-vision-in-white-glass-sku-rf23db990012aa,MEDIUM,PDP_ENERGYGUIDE_CAPACITY_MISMATCH,LISTED,https://images.samsung.com/is/content/samsung/p6pim/us/rf23db990012aa/energyguide/us-energyguide-rf23db990012aa-550480680.pdf,OK,631,22.8,PRESENT,PRESENT,PRESENT,RF23DB9900**,631,22.5,OCR_NUMERIC_DIFFERENCE,,22.5,PRESENT,"[{""source_record_name"": ""page-0004"", ""source_body_sha256"": ""96edd38591447359888b8d853b0bc3dc6e0ad1eccbd1e2a6f260e42a2ea09b0f"", ""source_row_id"": ""row-mzx3-i4mk_tba9"", ""pd_id"": ""2913619"", ""brand_name"": ""Samsung"", ""model_number_raw"": ""RF23DB9900**"", ""energy_star_model_identifier"": ""ES_1023593_RF23DB9900**_12192023104520_80192000""}]","[Basis] PDP_ENERGYGUIDE_CAPACITY_MISMATCH
[Comparison]
  Model: OCR=RF23DB9900**; PDP=RF23DB990012AA; assessment=MODEL_PREFIX_INCLUDED
  kWh: OCR=631 vs PDP=631 -> MATCH
  Capacity: OCR=22.5 vs PDP=22.8 -> DIFFERENT
[Mismatch] PDP_ENERGYGUIDE_CAPACITY_MISMATCH
[Action] Verify the PDP and EnergyGuide capacity values and correct the inaccurate disclosure."
12,냉장고,RF23DB9900QDAA,https://www.samsung.com/us/refrigerators/french-door/bespoke-counter-depth-4-door-flex-refrigerator-23-cu-ft-with-family-hub-32-and-ai-vision-in-stainless-steel-sku-rf23db9900qdaa,MEDIUM,PDP_ENERGYGUIDE_CAPACITY_MISMATCH,LISTED,https://images.samsung.com/is/content/samsung/p6pim/us/rf23db9900qdaa/energyguide/us-energyguide-rf23db9900qdaa-550480682.pdf,OK,631,22.8,PRESENT,PRESENT,NOT_APPLICABLE,RF23DB9900**,631,22.5,OCR_NUMERIC_DIFFERENCE,,22.5,PRESENT,"[{""source_record_name"": ""page-0004"", ""source_body_sha256"": ""96edd38591447359888b8d853b0bc3dc6e0ad1eccbd1e2a6f260e42a2ea09b0f"", ""source_row_id"": ""row-mzx3-i4mk_tba9"", ""pd_id"": ""2913619"", ""brand_name"": ""Samsung"", ""model_number_raw"": ""RF23DB9900**"", ""energy_star_model_identifier"": ""ES_1023593_RF23DB9900**_12192023104520_80192000""}]","[Basis] PDP_ENERGYGUIDE_CAPACITY_MISMATCH
[Comparison]
  Model: OCR=RF23DB9900**; PDP=RF23DB9900QDAA; assessment=MODEL_PREFIX_INCLUDED
  kWh: OCR=631 vs PDP=631 -> MATCH
  Capacity: OCR=22.5 vs PDP=22.8 -> DIFFERENT
[Mismatch] PDP_ENERGYGUIDE_CAPACITY_MISMATCH
[Action] Verify the PDP and EnergyGuide capacity values and correct the inaccurate disclosure."
13,냉장고,RF24BB6600QLAA,https://www.samsung.com/us/refrigerators/french-door/bespoke-3-door-french-door-refrigerator-24-cu-ft-with-beverage-center-in-stainless-steel-sku-rf24bb6600qlaa,PASS,NO_AUTOMATED_EXCEPTION,LISTED,https://images.samsung.com/is/content/samsung/p6pim/us/rf24bb6600qlaa/energyguide/us-energyguide-rf24bb6600qlaa-550242707.pdf,OK,630,24,PRESENT,PRESENT,PRESENT,RF24BB6600**,630,24,OCR_PARSED,,,PRESENT,"[{""source_record_name"": ""page-0001"", ""source_body_sha256"": ""de1b6aad57fa98c88c13857a5c682a91914f12cc0da940e245b68fc702cb5c29"", ""source_row_id"": ""row-z5j2.jzvx.zky7"", ""pd_id"": ""2390052"", ""brand_name"": ""Samsung"", ""model_number_raw"": ""RF24BB6600**"", ""energy_star_model_identifier"": ""ES_1023593_RF24BB6600**_01042022021850_80104661""}]","[Basis] No automated issues found
[Comparison]
  Model: OCR=RF24BB6600**; PDP=RF24BB6600QLAA; assessment=MODEL_PREFIX_INCLUDED
  kWh: OCR=630 vs PDP=630 -> MATCH
  Capacity: OCR=24 vs PDP=24 -> MATCH"
14,냉장고,RF25C5551SR/AA,https://www.samsung.com/us/refrigerators/french-door/25-cu-ft-33-3-door-french-door-refrigerator-with-beverage-center-and-autofill-water-pitcher-in-stainless-steel-sku-rf25c5551sr-aa,MEDIUM,"PDP_ANNUAL_ENERGY_MISSING, PDP_ENERGYGUIDE_CAPACITY_MISMATCH",LISTED,https://images.samsung.com/is/content/samsung/p6pim/us/rf25c5551sr-aa/energyguide/us-energyguide-rf25c5551sr-aa-550360025.pdf,OK,,25,PRESENT,PRESENT,PRESENT,RF25C5551,643,24.5,OCR_NUMERIC_DIFFERENCE,643,24.5,PRESENT,"[{""source_record_name"": ""page-0002"", ""source_body_sha256"": ""0da2c3421791b4b6a1cc09a3726eafd165c70697af622013170011ba391ee96b"", ""source_row_id"": ""row-gn9f~fceq_ab4u"", ""pd_id"": ""2404730"", ""brand_name"": ""Samsung"", ""model_number_raw"": ""RF25C5551**"", ""energy_star_model_identifier"": ""ES_1023593_RF25C5551**_11182022095634_80143161""}]","[Basis] PDP_ANNUAL_ENERGY_MISSING, PDP_ENERGYGUIDE_CAPACITY_MISMATCH
[Comparison]
  Model: OCR=RF25C5551; PDP=RF25C5551SR/AA; assessment=MODEL_PREFIX_INCLUDED
  Capacity: OCR=24.5 vs PDP=25 -> DIFFERENT
[Mismatch] PDP_ANNUAL_ENERGY_MISSING, PDP_ENERGYGUIDE_CAPACITY_MISMATCH
[Action] Verify and complete the PDP annual energy disclosure. Verify the PDP and EnergyGuide capacity values and correct the inaccurate disclosure."
15,냉장고,RF25C5A01SRAA,https://www.samsung.com/us/refrigerators/french-door/bespoke-ai-25-cu-ft-3-door-french-door-refrigerator-with-auto-ice-maker-and-all-around-cooling-in-stainless-steel-sku-rf25c5a01sraa,HIGH,CRITICAL_ENERGY_STAR_ELIGIBILITY_CANDIDATE,LISTED,https://images.samsung.com/is/content/samsung/p6pim/us/rf25c5a01sraa/energyguide/us-energyguide-rf25c5a01sraa-551335773.pdf,OK,643,24.5,PRESENT,PRESENT,PRESENT,RF25C5A01**,643,24.5,OCR_PARSED,,,ABSENT,,"[Basis] CRITICAL_ENERGY_STAR_ELIGIBILITY_CANDIDATE
[Comparison]
  Model: OCR=RF25C5A01**; PDP=RF25C5A01SRAA; assessment=MODEL_PREFIX_INCLUDED
  kWh: OCR=643 vs PDP=643 -> MATCH
  Capacity: OCR=24.5 vs PDP=24.5 -> MATCH
[Mismatch] CRITICAL_ENERGY_STAR_ELIGIBILITY_CANDIDATE
[Action] Check the EPA registration supporting the ENERGY STAR claim."
16,냉장고,RF27CG5010S9AA,https://www.samsung.com/us/refrigerators/french-door/27-cu-ft-counter-depth-mega-capacity-3-door-french-door-refrigerator-with-dual-auto-ice-maker-in-a-stainless-look-sku-rf27cg5010s9aa,LOW,PDP_ANNUAL_ENERGY_MISSING,LISTED,https://images.samsung.com/is/content/samsung/p6pim/us/rf27cg5010s9aa/energyguide/us-energyguide-rf27cg5010s9aa-550414495.pdf,OK,,26.5,PRESENT,PRESENT,PRESENT,RF27CG5010**,656,26.5,OCR_NUMERIC_DIFFERENCE,656,,PRESENT,"[{""source_record_name"": ""page-0003"", ""source_body_sha256"": ""bfc997e4e863ff4f74a955fa1d5ed81d14f08da904456c7fd12d5ef8742132b3"", ""source_row_id"": ""row-v5yu-9j5u_ethr"", ""pd_id"": ""2508193"", ""brand_name"": ""Samsung"", ""model_number_raw"": ""RF27CG5010**"", ""energy_star_model_identifier"": ""ES_1023593_RF27CG5010**_06092023105726_80170754""}]","[Basis] PDP_ANNUAL_ENERGY_MISSING
[Comparison]
  Model: OCR=RF27CG5010**; PDP=RF27CG5010S9AA; assessment=MODEL_PREFIX_INCLUDED
  Capacity: OCR=26.5 vs PDP=26.5 -> MATCH
[Mismatch] PDP_ANNUAL_ENERGY_MISSING
[Action] Verify and complete the PDP annual energy disclosure."
17,냉장고,RF27CG5100SRAA,https://www.samsung.com/us/refrigerators/french-door/27-cu-ft-mega-capacity-counter-depth-3-door-french-door-refrigerator-with-dual-auto-ice-maker-in-stainless-steel-sku-rf27cg5100sraa,LOW,PDP_ANNUAL_ENERGY_MISSING,LISTED,https://images.samsung.com/is/content/samsung/p6pim/us/rf27cg5100sraa/energyguide/us-energyguide-rf27cg5100sraa-553528334.pdf,OK,,26.5,PRESENT,PRESENT,PRESENT,RF27CG5100**,656,26.5,OCR_NUMERIC_DIFFERENCE,656,,PRESENT,"[{""source_record_name"": ""page-0003"", ""source_body_sha256"": ""bfc997e4e863ff4f74a955fa1d5ed81d14f08da904456c7fd12d5ef8742132b3"", ""source_row_id"": ""row-s5w5.usd5~wfac"", ""pd_id"": ""2508192"", ""brand_name"": ""Samsung"", ""model_number_raw"": ""RF27CG5100**"", ""energy_star_model_identifier"": ""ES_1023593_RF27CG5100**_06092023105726_80170754""}]","[Basis] PDP_ANNUAL_ENERGY_MISSING
[Comparison]
  Model: OCR=RF27CG5100**; PDP=RF27CG5100SRAA; assessment=MODEL_PREFIX_INCLUDED
  Capacity: OCR=26.5 vs PDP=26.5 -> MATCH
[Mismatch] PDP_ANNUAL_ENERGY_MISSING
[Action] Verify and complete the PDP annual energy disclosure."
18,냉장고,RF27CG5400SRAA,https://www.samsung.com/us/refrigerators/french-door/26-cu-ft-mega-capacity-counter-depth-3-door-french-door-refrigerator-with-four-types-of-ice-in-stainless-steel-sku-rf27cg5400sraa,LOW,PDP_ANNUAL_ENERGY_MISSING,LISTED,https://images.samsung.com/is/content/samsung/p6pim/us/rf27cg5400sraa/energyguide/us-energyguide-rf27cg5400sraa-550328644.pdf,OK,,25.5,PRESENT,PRESENT,PRESENT,RF27CG5400*,730,25.5,OCR_NUMERIC_DIFFERENCE,730,,PRESENT,"[{""source_record_name"": ""page-0003"", ""source_body_sha256"": ""bfc997e4e863ff4f74a955fa1d5ed81d14f08da904456c7fd12d5ef8742132b3"", ""source_row_id"": ""row-g5ed-33xg-7zjr"", ""pd_id"": ""2500146"", ""brand_name"": ""Samsung"", ""model_number_raw"": ""RF27CG5400**"", ""energy_star_model_identifier"": ""ES_1023593_RF27CG5400**_05252023084747_80170216""}]","[Basis] PDP_ANNUAL_ENERGY_MISSING
[Comparison]
  Model: OCR=RF27CG5400*; PDP=RF27CG5400SRAA; assessment=MODEL_PREFIX_INCLUDED
  Capacity: OCR=25.5 vs PDP=25.5 -> MATCH
[Mismatch] PDP_ANNUAL_ENERGY_MISSING
[Action] Verify and complete the PDP annual energy disclosure."
19,냉장고,RF27CG5900SRAA,https://www.samsung.com/us/refrigerators/french-door/25-cu-ft-mega-capacity-counter-depth-3-door-french-door-refrigerator-with-family-hub-in-stainless-steel-sku-rf27cg5900sraa,LOW,PDP_ANNUAL_ENERGY_MISSING,LISTED,https://images.samsung.com/is/content/samsung/p6pim/us/rf27cg5900sraa/energyguide/us-energyguide-rf27cg5900sraa-553528336.pdf,OK,,25,PRESENT,PRESENT,PRESENT,RF27CG5900**,726,25,OCR_NUMERIC_DIFFERENCE,726,,PRESENT,"[{""source_record_name"": ""page-0003"", ""source_body_sha256"": ""bfc997e4e863ff4f74a955fa1d5ed81d14f08da904456c7fd12d5ef8742132b3"", ""source_row_id"": ""row-m585-zhaj-mdmx"", ""pd_id"": ""2507634"", ""brand_name"": ""Samsung"", ""model_number_raw"": ""RF27CG5900**"", ""energy_star_model_identifier"": ""ES_1023593_RF27CG5900**_05302023074732_80170218""}]","[Basis] PDP_ANNUAL_ENERGY_MISSING
[Comparison]
  Model: OCR=RF27CG5900**; PDP=RF27CG5900SRAA; assessment=MODEL_PREFIX_INCLUDED
  Capacity: OCR=25 vs PDP=25 -> MATCH
[Mismatch] PDP_ANNUAL_ENERGY_MISSING
[Action] Verify and complete the PDP annual energy disclosure."
20,냉장고,RF27CG5B10SRAA,https://www.samsung.com/us/refrigerators/french-door/26-cu-ft-mega-capacity-counter-depth-3-door-french-door-refrigerator-with-external-water-and-ice-dispenser-in-stainless-steel-sku-rf27cg5b10sraa,PASS,NO_AUTOMATED_EXCEPTION,LISTED,https://images.samsung.com/is/content/samsung/p6pim/us/rf27cg5b10sraa/energyguide/us-energyguide-rf27cg5b10sraa-550458435.pdf,OK,730,25.5,PRESENT,PRESENT,PRESENT,RF27CG5B10**,730,25.5,OCR_PARSED,,,PRESENT,"[{""source_record_name"": ""page-0005"", ""source_body_sha256"": ""9f09527d9a7d0ff1f8a44597999935563a2f43832c05213820e09e9d27fe06e9"", ""source_row_id"": ""row-apwd_v84n-7bj6"", ""pd_id"": ""3721905"", ""brand_name"": ""Samsung"", ""model_number_raw"": ""RF27CG5B10**"", ""energy_star_model_identifier"": ""ES_1023593_RF27CG5B10**_10252024132854_80228300""}]","[Basis] No automated issues found
[Comparison]
  Model: OCR=RF27CG5B10**; PDP=RF27CG5B10SRAA; assessment=MODEL_PREFIX_INCLUDED
  kWh: OCR=730 vs PDP=730 -> MATCH
  Capacity: OCR=25.5 vs PDP=25.5 -> MATCH"
21,냉장고,RF27CG5B30SRAA,https://www.samsung.com/us/refrigerators/french-door/bespoke-ai-26-cu-ft-mega-capacity-counter-depth-3-door-french-door-refrigerator-with-external-water-and-ice-dispenser-in-stainless-steel-sku-rf27cg5b30sraa,HIGH,CRITICAL_ENERGY_STAR_ELIGIBILITY_CANDIDATE,LISTED,https://images.samsung.com/is/content/samsung/p6pim/us/rf27cg5b30sraa/energyguide/us-energyguide-rf27cg5b30sraa-551285729.pdf,OK,730,25.5,PRESENT,PRESENT,PRESENT,RF27CG5B30**,730,25.5,OCR_PARSED,,,ABSENT,,"[Basis] CRITICAL_ENERGY_STAR_ELIGIBILITY_CANDIDATE
[Comparison]
  Model: OCR=RF27CG5B30**; PDP=RF27CG5B30SRAA; assessment=MODEL_PREFIX_INCLUDED
  kWh: OCR=730 vs PDP=730 -> MATCH
  Capacity: OCR=25.5 vs PDP=25.5 -> MATCH
[Mismatch] CRITICAL_ENERGY_STAR_ELIGIBILITY_CANDIDATE
[Action] Check the EPA registration supporting the ENERGY STAR claim."
22,냉장고,RF28R7201SR/AA,https://www.samsung.com/us/refrigerators/french-door/28-cu-ft-4-door-french-door-refrigerator-in-fingerprint-resistant-stainless-steel-sku-rf28r7201sr-aa,PASS,NO_AUTOMATED_EXCEPTION,LISTED,https://images.samsung.com/is/content/samsung/p6pim/us/rf28r7201sr-aa/energyguide/us-energyguide-rf28r7201sr-aa-550283819.pdf,OK,755,28,PRESENT,PRESENT,PRESENT,RF28R7201**,755,28,OCR_PARSED,,,PRESENT,"[{""source_record_name"": ""page-0000"", ""source_body_sha256"": ""de77329a31492c9cba9dca114b0a3499c39318e103bb5189749d30ad466eae96"", ""source_row_id"": ""row-wtzj.6a67~bxik"", ""pd_id"": ""2334308"", ""brand_name"": ""Samsung"", ""model_number_raw"": ""RF28R7201**"", ""energy_star_model_identifier"": ""ES_1023593_RF28R7201**_03072019125214_70210404""}]","[Basis] No automated issues found
[Comparison]
  Model: OCR=RF28R7201**; PDP=RF28R7201SR/AA; assessment=MODEL_PREFIX_INCLUDED
  kWh: OCR=755 vs PDP=755 -> MATCH
  Capacity: OCR=28 vs PDP=28 -> MATCH"
23,냉장고,RF29BB860012AA,https://www.samsung.com/us/refrigerators/french-door/bespoke-4-door-french-door-refrigerator-29-cu-ft-with-beverage-center-in-white-glass-sku-rf29bb860012aa,PASS,NO_AUTOMATED_EXCEPTION,LISTED,https://images.samsung.com/is/content/samsung/p6pim/us/rf29bb860012aa/energyguide/us-energyguide-rf29bb860012aa-554531139.pdf,OK,685,28.8,PRESENT,PRESENT,PRESENT,RF29BB8600**,685,28.8,OCR_PARSED,,,PRESENT,"[{""source_record_name"": ""page-0001"", ""source_body_sha256"": ""de1b6aad57fa98c88c13857a5c682a91914f12cc0da940e245b68fc702cb5c29"", ""source_row_id"": ""row-825v~hfiy.i462"", ""pd_id"": ""2388929"", ""brand_name"": ""Samsung"", ""model_number_raw"": ""RF29BB8600**"", ""energy_star_model_identifier"": ""ES_1023593_RF29BB8600**_12072021115543_80104660""}]","[Basis] No automated issues found
[Comparison]
  Model: OCR=RF29BB8600**; PDP=RF29BB860012AA; assessment=MODEL_PREFIX_INCLUDED
  kWh: OCR=685 vs PDP=685 -> MATCH
  Capacity: OCR=28.8 vs PDP=28.8 -> MATCH"
24,냉장고,RF29BB86004MAA,https://www.samsung.com/us/refrigerators/french-door/bespoke-4-door-french-door-refrigerator-29-cu-ft-with-beverage-center-in-morning-blue-glass-top-panels-and-white-glass-middle-and-bottom-panels-sku-rf29bb86004maa,PASS,NO_AUTOMATED_EXCEPTION,LISTED,https://images.samsung.com/is/content/samsung/p6pim/us/rf29bb86004maa/energyguide/us-energyguide-rf29bb86004maa-551348961.pdf,OK,685,28.8,PRESENT,PRESENT,PRESENT,RF29BB8600**,685,28.8,OCR_PARSED,,,PRESENT,"[{""source_record_name"": ""page-0001"", ""source_body_sha256"": ""de1b6aad57fa98c88c13857a5c682a91914f12cc0da940e245b68fc702cb5c29"", ""source_row_id"": ""row-825v~hfiy.i462"", ""pd_id"": ""2388929"", ""brand_name"": ""Samsung"", ""model_number_raw"": ""RF29BB8600**"", ""energy_star_model_identifier"": ""ES_1023593_RF29BB8600**_12072021115543_80104660""}]","[Basis] No automated issues found
[Comparison]
  Model: OCR=RF29BB8600**; PDP=RF29BB86004MAA; assessment=MODEL_PREFIX_INCLUDED
  kWh: OCR=685 vs PDP=685 -> MATCH
  Capacity: OCR=28.8 vs PDP=28.8 -> MATCH"
25,냉장고,RF29BB8600QLAA,https://www.samsung.com/us/refrigerators/french-door/bespoke-4-door-french-door-refrigerator-29-cu-ft-with-beverage-center-in-stainless-steel-sku-rf29bb8600qlaa,PASS,NO_AUTOMATED_EXCEPTION,LISTED,https://images.samsung.com/is/content/samsung/p6pim/us/rf29bb8600qlaa/energyguide/us-energyguide-rf29bb8600qlaa-551349001.pdf,OK,685,28.8,PRESENT,PRESENT,PRESENT,RF29BB8600**,685,28.8,OCR_PARSED,,,PRESENT,"[{""source_record_name"": ""page-0001"", ""source_body_sha256"": ""de1b6aad57fa98c88c13857a5c682a91914f12cc0da940e245b68fc702cb5c29"", ""source_row_id"": ""row-825v~hfiy.i462"", ""pd_id"": ""2388929"", ""brand_name"": ""Samsung"", ""model_number_raw"": ""RF29BB8600**"", ""energy_star_model_identifier"": ""ES_1023593_RF29BB8600**_12072021115543_80104660""}]","[Basis] No automated issues found
[Comparison]
  Model: OCR=RF29BB8600**; PDP=RF29BB8600QLAA; assessment=MODEL_PREFIX_INCLUDED
  kWh: OCR=685 vs PDP=685 -> MATCH
  Capacity: OCR=28.8 vs PDP=28.8 -> MATCH"
26,냉장고,RF29DB9600QLAA,https://www.samsung.com/us/refrigerators/french-door/bespoke-4-door-flex-refrigerator-29-cu-ft-with-beverage-center-in-stainless-steel-sku-rf29db9600qlaa,PASS,NO_AUTOMATED_EXCEPTION,LISTED,https://images.samsung.com/is/content/samsung/p6pim/us/rf29db9600qlaa/energyguide/us-energyguide-rf29db9600qlaa-551309904.pdf,OK,704,29,PRESENT,PRESENT,PRESENT,RF29DB9600**,704,29,OCR_PARSED,,,PRESENT,"[{""source_record_name"": ""page-0004"", ""source_body_sha256"": ""96edd38591447359888b8d853b0bc3dc6e0ad1eccbd1e2a6f260e42a2ea09b0f"", ""source_row_id"": ""row-zqa8.ips7-qt4e"", ""pd_id"": ""2839454"", ""brand_name"": ""Samsung"", ""model_number_raw"": ""RF29DB9600**"", ""energy_star_model_identifier"": ""ES_1023593_RF29DB9600**_12122023095046_80192001""}]","[Basis] No automated issues found
[Comparison]
  Model: OCR=RF29DB9600**; PDP=RF29DB9600QLAA; assessment=MODEL_PREFIX_INCLUDED
  kWh: OCR=704 vs PDP=704 -> MATCH
  Capacity: OCR=29 vs PDP=29 -> MATCH"
27,냉장고,RF29DB990012AA,https://www.samsung.com/us/refrigerators/french-door/bespoke-4-door-flex-refrigerator-29-cu-ft-with-family-hub-32-and-ai-vision-in-white-glass-sku-rf29db990012aa,MEDIUM,PDP_ENERGYGUIDE_CAPACITY_MISMATCH,LISTED,https://images.samsung.com/is/content/samsung/p6pim/us/rf29db990012aa/energyguide/us-energyguide-rf29db990012aa-550480751.pdf,OK,700,29,PRESENT,PRESENT,NOT_APPLICABLE,RF29DB9900**,700,28.6,OCR_NUMERIC_DIFFERENCE,,28.6,PRESENT,"[{""source_record_name"": ""page-0004"", ""source_body_sha256"": ""96edd38591447359888b8d853b0bc3dc6e0ad1eccbd1e2a6f260e42a2ea09b0f"", ""source_row_id"": ""row-px8j.68ny-nf5j"", ""pd_id"": ""2913620"", ""brand_name"": ""Samsung"", ""model_number_raw"": ""RF29DB9900**"", ""energy_star_model_identifier"": ""ES_1023593_RF29DB9900**_12192023104520_80192000""}]","[Basis] PDP_ENERGYGUIDE_CAPACITY_MISMATCH
[Comparison]
  Model: OCR=RF29DB9900**; PDP=RF29DB990012AA; assessment=MODEL_PREFIX_INCLUDED
  kWh: OCR=700 vs PDP=700 -> MATCH
  Capacity: OCR=28.6 vs PDP=29 -> DIFFERENT
[Mismatch] PDP_ENERGYGUIDE_CAPACITY_MISMATCH
[Action] Verify the PDP and EnergyGuide capacity values and correct the inaccurate disclosure."
28,냉장고,RF29DB9900QDAA,https://www.samsung.com/us/refrigerators/french-door/bespoke-4-door-flex-refrigerator-29-cu-ft-with-family-hub-32-and-ai-vision-in-stainless-steel-sku-rf29db9900qdaa,MEDIUM,PDP_ENERGYGUIDE_CAPACITY_MISMATCH,LISTED,https://images.samsung.com/is/content/samsung/p6pim/us/rf29db9900qdaa/energyguide/us-energyguide-rf29db9900qdaa-550480754.pdf,OK,700,29,PRESENT,PRESENT,PRESENT,RF29DB9900**,700,28.6,OCR_NUMERIC_DIFFERENCE,,28.6,PRESENT,"[{""source_record_name"": ""page-0004"", ""source_body_sha256"": ""96edd38591447359888b8d853b0bc3dc6e0ad1eccbd1e2a6f260e42a2ea09b0f"", ""source_row_id"": ""row-px8j.68ny-nf5j"", ""pd_id"": ""2913620"", ""brand_name"": ""Samsung"", ""model_number_raw"": ""RF29DB9900**"", ""energy_star_model_identifier"": ""ES_1023593_RF29DB9900**_12192023104520_80192000""}]","[Basis] PDP_ENERGYGUIDE_CAPACITY_MISMATCH
[Comparison]
  Model: OCR=RF29DB9900**; PDP=RF29DB9900QDAA; assessment=MODEL_PREFIX_INCLUDED
  kWh: OCR=700 vs PDP=700 -> MATCH
  Capacity: OCR=28.6 vs PDP=29 -> DIFFERENT
[Mismatch] PDP_ENERGYGUIDE_CAPACITY_MISMATCH
[Action] Verify the PDP and EnergyGuide capacity values and correct the inaccurate disclosure."
29,냉장고,RF30BB660012AA,https://www.samsung.com/us/refrigerators/french-door/bespoke-3-door-french-door-refrigerator-30-cu-ft-with-beverage-center-in-white-glass-sku-rf30bb660012aa,PASS,NO_AUTOMATED_EXCEPTION,LISTED,https://images.samsung.com/is/content/samsung/p6pim/us/rf30bb660012aa/energyguide/us-energyguide-rf30bb660012aa-553578092.pdf,OK,695,30.1,PRESENT,PRESENT,PRESENT,RF30BB6600,695,30.1,OCR_PARSED,,,PRESENT,"[{""source_record_name"": ""page-0001"", ""source_body_sha256"": ""de1b6aad57fa98c88c13857a5c682a91914f12cc0da940e245b68fc702cb5c29"", ""source_row_id"": ""row-ijk8.grwm.j9ip"", ""pd_id"": ""2389328"", ""brand_name"": ""Samsung"", ""model_number_raw"": ""RF30BB6600**"", ""energy_star_model_identifier"": ""ES_1023593_RF30BB6600**_12152021115406_80104662""}]","[Basis] No automated issues found
[Comparison]
  Model: OCR=RF30BB6600; PDP=RF30BB660012AA; assessment=MODEL_PREFIX_INCLUDED
  kWh: OCR=695 vs PDP=695 -> MATCH
  Capacity: OCR=30.1 vs PDP=30.1 -> MATCH"
30,냉장고,RF30BB6600QLAA,https://www.samsung.com/us/refrigerators/french-door/bespoke-3-door-french-door-refrigerator-30-cu-ft-with-beverage-center-in-stainless-steel-sku-rf30bb6600qlaa,LOW,SAMSUNG_ENERGY_STAR_SOURCE_CONFLICT,LISTED,https://images.samsung.com/is/content/samsung/p6pim/us/rf30bb6600qlaa/energyguide/us-energyguide-rf30bb6600qlaa-554562613.pdf,OK,695,30.1,ABSENT,ABSENT,PRESENT,RF30BB6600,695,30.1,OCR_PARSED,,,PRESENT,"[{""source_record_name"": ""page-0001"", ""source_body_sha256"": ""de1b6aad57fa98c88c13857a5c682a91914f12cc0da940e245b68fc702cb5c29"", ""source_row_id"": ""row-ijk8.grwm.j9ip"", ""pd_id"": ""2389328"", ""brand_name"": ""Samsung"", ""model_number_raw"": ""RF30BB6600**"", ""energy_star_model_identifier"": ""ES_1023593_RF30BB6600**_12152021115406_80104662""}]","[Basis] SAMSUNG_ENERGY_STAR_SOURCE_CONFLICT
[Comparison]
  Model: OCR=RF30BB6600; PDP=RF30BB6600QLAA; assessment=MODEL_PREFIX_INCLUDED
  kWh: OCR=695 vs PDP=695 -> MATCH
  Capacity: OCR=30.1 vs PDP=30.1 -> MATCH
[Mismatch] SAMSUNG_ENERGY_STAR_SOURCE_CONFLICT
[Action] Align ENERGY STAR claims across PDP, PLP and specifications."
31,냉장고,RF32CG5100SRAA,https://www.samsung.com/us/refrigerators/french-door/32-cu-ft-mega-capacity-3-door-french-door-refrigerator-with-dual-auto-ice-maker-in-stainless-steel-sku-rf32cg5100sraa,LOW,PDP_ANNUAL_ENERGY_MISSING,LISTED,https://images.samsung.com/is/content/samsung/p6pim/us/rf32cg5100sraa/energyguide/us-energyguide-rf32cg5100sraa-550247841.pdf,OK,,31.5,PRESENT,PRESENT,PRESENT,RF32CG5100**,709,31.5,OCR_NUMERIC_DIFFERENCE,709,,PRESENT,"[{""source_record_name"": ""page-0003"", ""source_body_sha256"": ""bfc997e4e863ff4f74a955fa1d5ed81d14f08da904456c7fd12d5ef8742132b3"", ""source_row_id"": ""row-6i5f-fzjg_d9uk"", ""pd_id"": ""2494969"", ""brand_name"": ""Samsung"", ""model_number_raw"": ""RF32CG5100**"", ""energy_star_model_identifier"": ""ES_1023593_RF32CG5100**_05192023105550_80167805""}]","[Basis] PDP_ANNUAL_ENERGY_MISSING
[Comparison]
  Model: OCR=RF32CG5100**; PDP=RF32CG5100SRAA; assessment=MODEL_PREFIX_INCLUDED
  Capacity: OCR=31.5 vs PDP=31.5 -> MATCH
[Mismatch] PDP_ANNUAL_ENERGY_MISSING
[Action] Verify and complete the PDP annual energy disclosure."
32,냉장고,RF32CG5900SRAA,https://www.samsung.com/us/refrigerators/french-door/3-door-french-door-30-cu-ft-mega-capacity-3-door-french-door-refrigerator-with-family-hub-in-stainless-steel-sku-rf32cg5900sraa,LOW,PDP_ANNUAL_ENERGY_MISSING,LISTED,https://images.samsung.com/is/content/samsung/p6pim/us/rf32cg5900sraa/energyguide/us-energyguide-rf32cg5900sraa-550227702.pdf,OK,,30,PRESENT,PRESENT,PRESENT,RF32CG5900**,781,30,OCR_NUMERIC_DIFFERENCE,781,,PRESENT,"[{""source_record_name"": ""page-0003"", ""source_body_sha256"": ""bfc997e4e863ff4f74a955fa1d5ed81d14f08da904456c7fd12d5ef8742132b3"", ""source_row_id"": ""row-9q6t.idsv_ng4s"", ""pd_id"": ""2507633"", ""brand_name"": ""Samsung"", ""model_number_raw"": ""RF32CG5900**"", ""energy_star_model_identifier"": ""ES_1023593_RF32CG5900**_05302023073729_80170217""}]","[Basis] PDP_ANNUAL_ENERGY_MISSING
[Comparison]
  Model: OCR=RF32CG5900**; PDP=RF32CG5900SRAA; assessment=MODEL_PREFIX_INCLUDED
  Capacity: OCR=30 vs PDP=30 -> MATCH
[Mismatch] PDP_ANNUAL_ENERGY_MISSING
[Action] Verify and complete the PDP annual energy disclosure."
33,냉장고,RF32CG5B10SRAA,https://www.samsung.com/us/refrigerators/french-door/31-cu-ft-mega-capacity-3-door-french-door-refrigerator-with-external-water-and-ice-dispenser-in-stainless-steel-sku-rf32cg5b10sraa,PASS,NO_AUTOMATED_EXCEPTION,LISTED,https://images.samsung.com/is/content/samsung/p6pim/us/rf32cg5b10sraa/energyguide/us-energyguide-rf32cg5b10sraa-550458432.pdf,OK,785,30.5,PRESENT,PRESENT,PRESENT,RF32CG5B10**,785,30.5,OCR_PARSED,,,PRESENT,"[{""source_record_name"": ""page-0005"", ""source_body_sha256"": ""9f09527d9a7d0ff1f8a44597999935563a2f43832c05213820e09e9d27fe06e9"", ""source_row_id"": ""row-zkcc~gjgq-wi25"", ""pd_id"": ""3721904"", ""brand_name"": ""Samsung"", ""model_number_raw"": ""RF32CG5B10**"", ""energy_star_model_identifier"": ""ES_1023593_RF32CG5B10**_10252024132854_80228300""}]","[Basis] No automated issues found
[Comparison]
  Model: OCR=RF32CG5B10**; PDP=RF32CG5B10SRAA; assessment=MODEL_PREFIX_INCLUDED
  kWh: OCR=785 vs PDP=785 -> MATCH
  Capacity: OCR=30.5 vs PDP=30.5 -> MATCH"
34,냉장고,RF32CG5B30SRAA,https://www.samsung.com/us/refrigerators/french-door/bespoke-ai-31-cu-ft-mega-capacity-3-door-french-door-refrigerator-with-external-water-and-ice-dispenser-in-stainless-steel-sku-rf32cg5b30sraa,HIGH,CRITICAL_ENERGY_STAR_ELIGIBILITY_CANDIDATE,LISTED,https://images.samsung.com/is/content/samsung/p6pim/us/rf32cg5b30sraa/energyguide/us-energyguide-rf32cg5b30sraa-551452035.pdf,OK,785,30.5,PRESENT,PRESENT,PRESENT,RF32CG5B30**,785,30.5,OCR_PARSED,,,ABSENT,,"[Basis] CRITICAL_ENERGY_STAR_ELIGIBILITY_CANDIDATE
[Comparison]
  Model: OCR=RF32CG5B30**; PDP=RF32CG5B30SRAA; assessment=MODEL_PREFIX_INCLUDED
  kWh: OCR=785 vs PDP=785 -> MATCH
  Capacity: OCR=30.5 vs PDP=30.5 -> MATCH
[Mismatch] CRITICAL_ENERGY_STAR_ELIGIBILITY_CANDIDATE
[Action] Check the EPA registration supporting the ENERGY STAR claim."
35,냉장고,RF32CG5D00SRAA,https://www.samsung.com/us/refrigerators/french-door/bespoke-ai-32-cu-ft-mega-capacity-3-door-french-door-refrigerator-with-auto-ice-maker-in-stainless-steel-sku-rf32cg5d00sraa,HIGH,CRITICAL_ENERGY_STAR_ELIGIBILITY_CANDIDATE,LISTED,https://images.samsung.com/is/content/samsung/p6pim/us/rf32cg5d00sraa/energyguide/us-energyguide-rf32cg5d00sraa-551368814.pdf,OK,709,31.5,PRESENT,PRESENT,PRESENT,RF32CG5D00**,709,31.5,OCR_PARSED,,,ABSENT,,"[Basis] CRITICAL_ENERGY_STAR_ELIGIBILITY_CANDIDATE
[Comparison]
  Model: OCR=RF32CG5D00**; PDP=RF32CG5D00SRAA; assessment=MODEL_PREFIX_INCLUDED
  kWh: OCR=709 vs PDP=709 -> MATCH
  Capacity: OCR=31.5 vs PDP=31.5 -> MATCH
[Mismatch] CRITICAL_ENERGY_STAR_ELIGIBILITY_CANDIDATE
[Action] Check the EPA registration supporting the ENERGY STAR claim."
36,냉장고,RF70F23DERAA,https://www.samsung.com/us/refrigerators/french-door/bespoke-23-cu-ft-counter-depth-4-door-french-door-refrigerator-with-inner-beverage-center-flexzone-drawer-in-stainless-steel-sku-rf70f23deraa,PASS,NO_AUTOMATED_EXCEPTION,LISTED,https://images.samsung.com/is/content/samsung/p6pim/us/rf70f23deraa/energyguide/us-energyguide-rf70f23deraa-551022813.pdf,OK,621,22.9,PRESENT,PRESENT,PRESENT,RF70F23DE*,621,22.9,OCR_PARSED,,,PRESENT,"[{""source_record_name"": ""page-0006"", ""source_body_sha256"": ""41779ac253556b577caf972a31a3bc9206587969c4cfb67a49035ad12f88a3ac"", ""source_row_id"": ""row-wqur~skek~ryes"", ""pd_id"": ""3892433"", ""brand_name"": ""Samsung"", ""model_number_raw"": ""RF70F23DE*"", ""energy_star_model_identifier"": ""ES_1023593_RF70F23DE*_01072025104307_80237092""}]","[Basis] No automated issues found
[Comparison]
  Model: OCR=RF70F23DE*; PDP=RF70F23DERAA; assessment=MODEL_PREFIX_INCLUDED
  kWh: OCR=621 vs PDP=621 -> MATCH
  Capacity: OCR=22.9 vs PDP=22.9 -> MATCH"
37,냉장고,RF70F29DERAA,https://www.samsung.com/us/refrigerators/french-door/bespoke-29-cu-ft-4-door-french-door-refrigerator-with-inner-beverage-center-flexzone-drawer-in-stainless-steel-sku-rf70f29deraa,PASS,NO_AUTOMATED_EXCEPTION,LISTED,https://images.samsung.com/is/content/samsung/p6pim/us/rf70f29deraa/energyguide/us-energyguide-rf70f29deraa-550203186.pdf,OK,685,28.9,PRESENT,PRESENT,PRESENT,RF70F29DE*,685,28.9,OCR_PARSED,,,PRESENT,"[{""source_record_name"": ""page-0006"", ""source_body_sha256"": ""41779ac253556b577caf972a31a3bc9206587969c4cfb67a49035ad12f88a3ac"", ""source_row_id"": ""row-y63q-jj2t_t6n5"", ""pd_id"": ""3892434"", ""brand_name"": ""Samsung"", ""model_number_raw"": ""RF70F29DE*"", ""energy_star_model_identifier"": ""ES_1023593_RF70F29DE*_01072025104307_80237092""}]","[Basis] No automated issues found
[Comparison]
  Model: OCR=RF70F29DE*; PDP=RF70F29DERAA; assessment=MODEL_PREFIX_INCLUDED
  kWh: OCR=685 vs PDP=685 -> MATCH
  Capacity: OCR=28.9 vs PDP=28.9 -> MATCH"
38,냉장고,RF70H25GERAA,https://www.samsung.com/us/refrigerators/french-door/bespoke-ai-24-cu-ft-counter-depth-3-door-french-door-refrigerator-with-zero-clearance-fit-and-sphere-ice-in-stainless-steel-sku-rf70h25geraa,HIGH,CRITICAL_ENERGY_STAR_ELIGIBILITY_CANDIDATE,LISTED,https://images.samsung.com/is/content/samsung/p6pim/us/rf70h25geraa/energyguide/us-energyguide-rf70h25geraa-551311284.pdf,OK,709,23.5,PRESENT,PRESENT,PRESENT,RF70H25GE*,709,23.5,OCR_PARSED,,,ABSENT,,"[Basis] CRITICAL_ENERGY_STAR_ELIGIBILITY_CANDIDATE
[Comparison]
  Model: OCR=RF70H25GE*; PDP=RF70H25GERAA; assessment=MODEL_PREFIX_INCLUDED
  kWh: OCR=709 vs PDP=709 -> MATCH
  Capacity: OCR=23.5 vs PDP=23.5 -> MATCH
[Mismatch] CRITICAL_ENERGY_STAR_ELIGIBILITY_CANDIDATE
[Action] Check the EPA registration supporting the ENERGY STAR claim."
39,냉장고,RF70H25HERAA,https://www.samsung.com/us/refrigerators/french-door/bespoke-ai-24-cu-ft-counter-depth-3-door-french-door-refrigerator-with-zero-clearance-fit-and-dual-auto-ice-maker-in-stainless-steel-sku-rf70h25heraa,HIGH,CRITICAL_ENERGY_STAR_ELIGIBILITY_CANDIDATE,LISTED,https://images.samsung.com/is/content/samsung/p6pim/us/rf70h25heraa/energyguide/us-energyguide-rf70h25heraa-551295145.pdf,OK,709,23.5,PRESENT,PRESENT,PRESENT,RF70H25HE*,709,23.5,OCR_PARSED,,,ABSENT,,"[Basis] CRITICAL_ENERGY_STAR_ELIGIBILITY_CANDIDATE
[Comparison]
  Model: OCR=RF70H25HE*; PDP=RF70H25HERAA; assessment=MODEL_PREFIX_INCLUDED
  kWh: OCR=709 vs PDP=709 -> MATCH
  Capacity: OCR=23.5 vs PDP=23.5 -> MATCH
[Mismatch] CRITICAL_ENERGY_STAR_ELIGIBILITY_CANDIDATE
[Action] Check the EPA registration supporting the ENERGY STAR claim."
40,냉장고,RF70H25KERAA,https://www.samsung.com/us/refrigerators/french-door/bespoke-ai-25-cu-ft-counter-depth-3-door-french-door-refrigerator-with-zero-clearance-fit-and-in-door-tall-water-dispenser-in-stainless-steel-sku-rf70h25keraa,HIGH,CRITICAL_ENERGY_STAR_ELIGIBILITY_CANDIDATE,LISTED,https://images.samsung.com/is/content/samsung/p6pim/us/rf70h25keraa/energyguide/us-energyguide-rf70h25keraa-551322161.pdf,OK,637,24.5,PRESENT,PRESENT,PRESENT,RF70H25KE*,637,24.5,OCR_PARSED,,,ABSENT,,"[Basis] CRITICAL_ENERGY_STAR_ELIGIBILITY_CANDIDATE
[Comparison]
  Model: OCR=RF70H25KE*; PDP=RF70H25KERAA; assessment=MODEL_PREFIX_INCLUDED
  kWh: OCR=637 vs PDP=637 -> MATCH
  Capacity: OCR=24.5 vs PDP=24.5 -> MATCH
[Mismatch] CRITICAL_ENERGY_STAR_ELIGIBILITY_CANDIDATE
[Action] Check the EPA registration supporting the ENERGY STAR claim."
41,냉장고,RF70H30GEEAA,https://www.samsung.com/us/refrigerators/french-door/bespoke-ai-29-cu-ft-3-door-french-door-refrigerator-with-zero-clearance-fit-and-sphere-ice-in-matte-black-steel-sku-rf70h30geeaa,HIGH,CRITICAL_ENERGY_STAR_ELIGIBILITY_CANDIDATE,LISTED,https://images.samsung.com/is/content/samsung/p6pim/us/rf70h30geeaa/energyguide/us-energyguide-rf70h30geeaa-551373920.pdf,OK,764,28.5,PRESENT,PRESENT,PRESENT,RF70H30GE*,764,28.5,OCR_PARSED,,,ABSENT,,"[Basis] CRITICAL_ENERGY_STAR_ELIGIBILITY_CANDIDATE
[Comparison]
  Model: OCR=RF70H30GE*; PDP=RF70H30GEEAA; assessment=MODEL_PREFIX_INCLUDED
  kWh: OCR=764 vs PDP=764 -> MATCH
  Capacity: OCR=28.5 vs PDP=28.5 -> MATCH
[Mismatch] CRITICAL_ENERGY_STAR_ELIGIBILITY_CANDIDATE
[Action] Check the EPA registration supporting the ENERGY STAR claim."
42,냉장고,RF70H30GERAA,https://www.samsung.com/us/refrigerators/french-door/bespoke-ai-29-cu-ft-3-door-french-door-refrigerator-with-zero-clearance-fit-and-sphere-ice-in-stainless-steel-sku-rf70h30geraa,HIGH,CRITICAL_ENERGY_STAR_ELIGIBILITY_CANDIDATE,LISTED,https://images.samsung.com/is/content/samsung/p6pim/us/rf70h30geraa/energyguide/us-energyguide-rf70h30geraa-551375390.pdf,OK,764,28.5,PRESENT,PRESENT,PRESENT,RF70H30GE*,764,28.5,OCR_PARSED,,,ABSENT,,"[Basis] CRITICAL_ENERGY_STAR_ELIGIBILITY_CANDIDATE
[Comparison]
  Model: OCR=RF70H30GE*; PDP=RF70H30GERAA; assessment=MODEL_PREFIX_INCLUDED
  kWh: OCR=764 vs PDP=764 -> MATCH
  Capacity: OCR=28.5 vs PDP=28.5 -> MATCH
[Mismatch] CRITICAL_ENERGY_STAR_ELIGIBILITY_CANDIDATE
[Action] Check the EPA registration supporting the ENERGY STAR claim."
43,냉장고,RF70H30HERAA,https://www.samsung.com/us/refrigerators/french-door/bespoke-ai-29-cu-ft-3-door-french-door-refrigerator-with-zero-clearance-fit-and-dual-auto-ice-maker-in-stainless-steel-sku-rf70h30heraa,HIGH,CRITICAL_ENERGY_STAR_ELIGIBILITY_CANDIDATE,LISTED,https://images.samsung.com/is/content/samsung/p6pim/us/rf70h30heraa/energyguide/us-energyguide-rf70h30heraa-551309606.pdf,OK,764,28.5,PRESENT,PRESENT,PRESENT,RF70H30HE*,764,28.5,OCR_PARSED,,,ABSENT,,"[Basis] CRITICAL_ENERGY_STAR_ELIGIBILITY_CANDIDATE
[Comparison]
  Model: OCR=RF70H30HE*; PDP=RF70H30HERAA; assessment=MODEL_PREFIX_INCLUDED
  kWh: OCR=764 vs PDP=764 -> MATCH
  Capacity: OCR=28.5 vs PDP=28.5 -> MATCH
[Mismatch] CRITICAL_ENERGY_STAR_ELIGIBILITY_CANDIDATE
[Action] Check the EPA registration supporting the ENERGY STAR claim."
44,냉장고,RF70H30KEEAA,https://www.samsung.com/us/refrigerators/french-door/bespoke-ai-30-cu-ft-3-door-french-door-refrigerator-with-zero-clearance-fit-and-in-door-tall-water-dispenser-in-matte-black-steel-sku-rf70h30keeaa,HIGH,CRITICAL_ENERGY_STAR_ELIGIBILITY_CANDIDATE,LISTED,https://images.samsung.com/is/content/samsung/p6pim/us/rf70h30keeaa/energyguide/us-energyguide-rf70h30keeaa-551299308.pdf,OK,689,29.5,PRESENT,PRESENT,NOT_APPLICABLE,RF70H30KE*,689,29.5,OCR_PARSED,,,ABSENT,,"[Basis] CRITICAL_ENERGY_STAR_ELIGIBILITY_CANDIDATE
[Comparison]
  Model: OCR=RF70H30KE*; PDP=RF70H30KEEAA; assessment=MODEL_PREFIX_INCLUDED
  kWh: OCR=689 vs PDP=689 -> MATCH
  Capacity: OCR=29.5 vs PDP=29.5 -> MATCH
[Mismatch] CRITICAL_ENERGY_STAR_ELIGIBILITY_CANDIDATE
[Action] Check the EPA registration supporting the ENERGY STAR claim."
45,냉장고,RF70H30KERAA,https://www.samsung.com/us/refrigerators/french-door/bespoke-ai-30-cu-ft-3-door-french-door-refrigerator-with-zero-clearance-fit-and-in-door-tall-water-dispenser-in-stainless-steel-sku-rf70h30keraa,HIGH,CRITICAL_ENERGY_STAR_ELIGIBILITY_CANDIDATE,LISTED,https://images.samsung.com/is/content/samsung/p6pim/us/rf70h30keraa/energyguide/us-energyguide-rf70h30keraa-551301651.pdf,OK,689,29.5,PRESENT,PRESENT,NOT_APPLICABLE,RF70H30KE*,689,29.5,OCR_PARSED,,,ABSENT,,"[Basis] CRITICAL_ENERGY_STAR_ELIGIBILITY_CANDIDATE
[Comparison]
  Model: OCR=RF70H30KE*; PDP=RF70H30KERAA; assessment=MODEL_PREFIX_INCLUDED
  kWh: OCR=689 vs PDP=689 -> MATCH
  Capacity: OCR=29.5 vs PDP=29.5 -> MATCH
[Mismatch] CRITICAL_ENERGY_STAR_ELIGIBILITY_CANDIDATE
[Action] Check the EPA registration supporting the ENERGY STAR claim."
46,냉장고,RF80H30CERAA,https://www.samsung.com/us/refrigerators/french-door/bespoke-ai-29-cu-ft-3-door-french-door-refrigerator-with-autoview-and-zero-clearance-fit-in-stainless-steel-sku-rf80h30ceraa,HIGH,CRITICAL_ENERGY_STAR_ELIGIBILITY_CANDIDATE,LISTED,https://images.samsung.com/is/content/samsung/p6pim/us/rf80h30ceraa/energyguide/us-energyguide-rf80h30ceraa-552544150.pdf,OK,764,28.5,PRESENT,PRESENT,PRESENT,RF80H30CE*,764,28.5,OCR_PARSED,,,ABSENT,,"[Basis] CRITICAL_ENERGY_STAR_ELIGIBILITY_CANDIDATE
[Comparison]
  Model: OCR=RF80H30CE*; PDP=RF80H30CERAA; assessment=MODEL_PREFIX_INCLUDED
  kWh: OCR=764 vs PDP=764 -> MATCH
  Capacity: OCR=28.5 vs PDP=28.5 -> MATCH
[Mismatch] CRITICAL_ENERGY_STAR_ELIGIBILITY_CANDIDATE
[Action] Check the EPA registration supporting the ENERGY STAR claim."
47,냉장고,RF90F23AECEAA,https://www.samsung.com/us/refrigerators/french-door/bespoke-23-cu-ft-counter-depth-4-door-french-door-refrigerator-with-family-hub-32-and-ai-vision-in-charcoal-glass-and-black-charcoal-sku-rf90f23aeceaa,PASS,NO_AUTOMATED_EXCEPTION,LISTED,https://images.samsung.com/is/content/samsung/p6pim/us/rf90f23aeceaa/energyguide/us-energyguide-rf90f23aeceaa-551063368.pdf,OK,618,22.5,PRESENT,PRESENT,PRESENT,"RF90F23AE*
RF90F23AE**",618,22.5,OCR_PARSED,,,PRESENT,"[{""source_record_name"": ""page-0006"", ""source_body_sha256"": ""41779ac253556b577caf972a31a3bc9206587969c4cfb67a49035ad12f88a3ac"", ""source_row_id"": ""row-qzx2~t6dv~8wx4"", ""pd_id"": ""3943242"", ""brand_name"": ""Samsung"", ""model_number_raw"": ""RF90F23AE**"", ""energy_star_model_identifier"": ""ES_1023593_RF90F23AE**_01232025091137_80237764""}]","[Basis] No automated issues found
[Comparison]
  Model: OCR=RF90F23AE*, RF90F23AE**; PDP=RF90F23AECEAA; assessment=MODEL_PREFIX_INCLUDED
  kWh: OCR=618 vs PDP=618 -> MATCH
  Capacity: OCR=22.5 vs PDP=22.5 -> MATCH"
48,냉장고,RF90F23AECRAA,https://www.samsung.com/us/refrigerators/french-door/bespoke-23-cu-ft-counter-depth-4-door-french-door-refrigerator-with-family-hub-32-and-ai-vision-in-charcoal-glass-and-stainless-steel-sku-rf90f23aecraa,PASS,NO_AUTOMATED_EXCEPTION,LISTED,https://images.samsung.com/is/content/samsung/p6pim/us/rf90f23aecraa/energyguide/us-energyguide-rf90f23aecraa-551063370.pdf,OK,618,22.5,PRESENT,PRESENT,PRESENT,"RF90F23AE*
RF90F23AE**",618,22.5,OCR_PARSED,,,PRESENT,"[{""source_record_name"": ""page-0006"", ""source_body_sha256"": ""41779ac253556b577caf972a31a3bc9206587969c4cfb67a49035ad12f88a3ac"", ""source_row_id"": ""row-qzx2~t6dv~8wx4"", ""pd_id"": ""3943242"", ""brand_name"": ""Samsung"", ""model_number_raw"": ""RF90F23AE**"", ""energy_star_model_identifier"": ""ES_1023593_RF90F23AE**_01232025091137_80237764""}]","[Basis] No automated issues found
[Comparison]
  Model: OCR=RF90F23AE*, RF90F23AE**; PDP=RF90F23AECRAA; assessment=MODEL_PREFIX_INCLUDED
  kWh: OCR=618 vs PDP=618 -> MATCH
  Capacity: OCR=22.5 vs PDP=22.5 -> MATCH"
49,냉장고,RF90F23AEWAA,https://www.samsung.com/us/refrigerators/french-door/bespoke-23-cu-ft-counter-depth-4-door-french-door-refrigerator-with-family-hub-32-and-ai-vision-in-white-glass-sku-rf90f23aewaa,PASS,NO_AUTOMATED_EXCEPTION,LISTED,https://images.samsung.com/is/content/samsung/p6pim/us/rf90f23aewaa/energyguide/us-energyguide-rf90f23aewaa-551063373.pdf,OK,618,22.5,PRESENT,PRESENT,PRESENT,"RF90F23AE*
RF90F23AE**",618,22.5,OCR_PARSED,,,PRESENT,"[{""source_record_name"": ""page-0006"", ""source_body_sha256"": ""41779ac253556b577caf972a31a3bc9206587969c4cfb67a49035ad12f88a3ac"", ""source_row_id"": ""row-jy52-rny4.u7f7"", ""pd_id"": ""3943241"", ""brand_name"": ""Samsung"", ""model_number_raw"": ""RF90F23AE*"", ""energy_star_model_identifier"": ""ES_1023593_RF90F23AE*_01232025091131_80237764""}]","[Basis] No automated issues found
[Comparison]
  Model: OCR=RF90F23AE*, RF90F23AE**; PDP=RF90F23AEWAA; assessment=MODEL_PREFIX_INCLUDED
  kWh: OCR=618 vs PDP=618 -> MATCH
  Capacity: OCR=22.5 vs PDP=22.5 -> MATCH"
50,냉장고,RF90F23BECRAA,https://www.samsung.com/us/refrigerators/french-door/bespoke-23-cu-ft-counter-depth-4-door-french-door-refrigerator-with-ai-home-ai-vision-inside-in-charcoal-glass-and-stainless-steel-sku-rf90f23becraa,PASS,NO_AUTOMATED_EXCEPTION,LISTED,https://images.samsung.com/is/content/samsung/p6pim/us/rf90f23becraa/energyguide/us-energyguide-rf90f23becraa-551112851.pdf,OK,618,22.5,PRESENT,PRESENT,PRESENT,RF90F23BE**,618,22.5,OCR_PARSED,,,PRESENT,"[{""source_record_name"": ""page-0006"", ""source_body_sha256"": ""41779ac253556b577caf972a31a3bc9206587969c4cfb67a49035ad12f88a3ac"", ""source_row_id"": ""row-2xkp~yy7e-e7sq"", ""pd_id"": ""3994140"", ""brand_name"": ""Samsung"", ""model_number_raw"": ""RF90F23BE**"", ""energy_star_model_identifier"": ""ES_1023593_RF90F23BE**_02042025115908_80237851""}]","[Basis] No automated issues found
[Comparison]
  Model: OCR=RF90F23BE**; PDP=RF90F23BECRAA; assessment=MODEL_PREFIX_INCLUDED
  kWh: OCR=618 vs PDP=618 -> MATCH
  Capacity: OCR=22.5 vs PDP=22.5 -> MATCH"
51,냉장고,RF90F23EECRAA,https://www.samsung.com/us/refrigerators/french-door/bespoke-23-cu-ft-counter-depth-4-door-french-door-refrigerator-with-family-hub-32-and-inner-beverage-center-in-charcoal-glass-and-stainless-steel-sku-rf90f23eecraa,PASS,NO_AUTOMATED_EXCEPTION,LISTED,https://images.samsung.com/is/content/samsung/p6pim/us/rf90f23eecraa/energyguide/us-energyguide-rf90f23eecraa-551088567.pdf,OK,618,22.5,PRESENT,PRESENT,PRESENT,RF90F23EE**,618,22.5,OCR_PARSED,,,PRESENT,"[{""source_record_name"": ""page-0006"", ""source_body_sha256"": ""41779ac253556b577caf972a31a3bc9206587969c4cfb67a49035ad12f88a3ac"", ""source_row_id"": ""row-s265~h43t-jnwx"", ""pd_id"": ""4016458"", ""brand_name"": ""Samsung"", ""model_number_raw"": ""RF90F23EE**"", ""energy_star_model_identifier"": ""ES_1023593_RF90F23EE**_05012025121157_80251365""}]","[Basis] No automated issues found
[Comparison]
  Model: OCR=RF90F23EE**; PDP=RF90F23EECRAA; assessment=MODEL_PREFIX_INCLUDED
  kWh: OCR=618 vs PDP=618 -> MATCH
  Capacity: OCR=22.5 vs PDP=22.5 -> MATCH"
52,냉장고,RF90F29AECEAA,https://www.samsung.com/us/refrigerators/french-door/bespoke-29-cu-ft-4-door-french-door-refrigerator-with-family-hub-32-and-ai-vision-in-charcoal-glass-and-black-charcoal-sku-rf90f29aeceaa,PASS,NO_AUTOMATED_EXCEPTION,LISTED,https://images.samsung.com/is/content/samsung/p6pim/us/rf90f29aeceaa/energyguide/us-energyguide-rf90f29aeceaa-554515863.pdf,OK,663,28.6,PRESENT,PRESENT,PRESENT,"RF90F29AE*
RF90F29AE**",663,28.6,OCR_PARSED,,,PRESENT,"[{""source_record_name"": ""page-0006"", ""source_body_sha256"": ""41779ac253556b577caf972a31a3bc9206587969c4cfb67a49035ad12f88a3ac"", ""source_row_id"": ""row-nr6z~8dbb_jgic"", ""pd_id"": ""3943244"", ""brand_name"": ""Samsung"", ""model_number_raw"": ""RF90F29AE**"", ""energy_star_model_identifier"": ""ES_1023593_RF90F29AE**_01232025091135_80237764""}]","[Basis] No automated issues found
[Comparison]
  Model: OCR=RF90F29AE*, RF90F29AE**; PDP=RF90F29AECEAA; assessment=MODEL_PREFIX_INCLUDED
  kWh: OCR=663 vs PDP=663 -> MATCH
  Capacity: OCR=28.6 vs PDP=28.6 -> MATCH"
53,냉장고,RF90F29AECRAA,https://www.samsung.com/us/refrigerators/french-door/bespoke-29-cu-ft-4-door-french-door-refrigerator-with-family-hub-32-and-ai-vision-in-charcoal-glass-and-stainless-steel-sku-rf90f29aecraa,PASS,NO_AUTOMATED_EXCEPTION,LISTED,https://images.samsung.com/is/content/samsung/p6pim/us/rf90f29aecraa/energyguide/us-energyguide-rf90f29aecraa-554515864.pdf,OK,663,28.6,PRESENT,PRESENT,PRESENT,"RF90F29AE*
RF90F29AE**",663,28.6,OCR_PARSED,,,PRESENT,"[{""source_record_name"": ""page-0006"", ""source_body_sha256"": ""41779ac253556b577caf972a31a3bc9206587969c4cfb67a49035ad12f88a3ac"", ""source_row_id"": ""row-nr6z~8dbb_jgic"", ""pd_id"": ""3943244"", ""brand_name"": ""Samsung"", ""model_number_raw"": ""RF90F29AE**"", ""energy_star_model_identifier"": ""ES_1023593_RF90F29AE**_01232025091135_80237764""}]","[Basis] No automated issues found
[Comparison]
  Model: OCR=RF90F29AE*, RF90F29AE**; PDP=RF90F29AECRAA; assessment=MODEL_PREFIX_INCLUDED
  kWh: OCR=663 vs PDP=663 -> MATCH
  Capacity: OCR=28.6 vs PDP=28.6 -> MATCH"
54,냉장고,RF90F29AEWAA,https://www.samsung.com/us/refrigerators/french-door/bespoke-29-cu-ft-4-door-french-door-refrigerator-with-family-hub-32-and-ai-vision-in-white-glass-sku-rf90f29aewaa,PASS,NO_AUTOMATED_EXCEPTION,LISTED,https://images.samsung.com/is/content/samsung/p6pim/us/rf90f29aewaa/energyguide/us-energyguide-rf90f29aewaa-554515866.pdf,OK,663,28.6,PRESENT,PRESENT,PRESENT,"RF90F29AE*
RF90F29AE**",663,28.6,OCR_PARSED,,,PRESENT,"[{""source_record_name"": ""page-0006"", ""source_body_sha256"": ""41779ac253556b577caf972a31a3bc9206587969c4cfb67a49035ad12f88a3ac"", ""source_row_id"": ""row-jv3n~v7ty.mxn3"", ""pd_id"": ""3943243"", ""brand_name"": ""Samsung"", ""model_number_raw"": ""RF90F29AE*"", ""energy_star_model_identifier"": ""ES_1023593_RF90F29AE*_01232025091134_80237764""}]","[Basis] No automated issues found
[Comparison]
  Model: OCR=RF90F29AE*, RF90F29AE**; PDP=RF90F29AEWAA; assessment=MODEL_PREFIX_INCLUDED
  kWh: OCR=663 vs PDP=663 -> MATCH
  Capacity: OCR=28.6 vs PDP=28.6 -> MATCH"
55,냉장고,RF90F29BECRAA,https://www.samsung.com/us/refrigerators/french-door/bespoke-29-cu-ft-4-door-french-door-refrigerator-with-ai-home-ai-vision-inside-in-charcoal-glass-and-stainless-steel-sku-rf90f29becraa,PASS,NO_AUTOMATED_EXCEPTION,LISTED,https://images.samsung.com/is/content/samsung/p6pim/us/rf90f29becraa/energyguide/us-energyguide-rf90f29becraa-551113123.pdf,OK,656,28.6,PRESENT,PRESENT,PRESENT,RF90F29BE**,656,28.6,OCR_PARSED,,,PRESENT,"[{""source_record_name"": ""page-0006"", ""source_body_sha256"": ""41779ac253556b577caf972a31a3bc9206587969c4cfb67a49035ad12f88a3ac"", ""source_row_id"": ""row-sypm_5zji~ifsp"", ""pd_id"": ""3994141"", ""brand_name"": ""Samsung"", ""model_number_raw"": ""RF90F29BE**"", ""energy_star_model_identifier"": ""ES_1023593_RF90F29BE**_02042025115907_80237851""}]","[Basis] No automated issues found
[Comparison]
  Model: OCR=RF90F29BE**; PDP=RF90F29BECRAA; assessment=MODEL_PREFIX_INCLUDED
  kWh: OCR=656 vs PDP=656 -> MATCH
  Capacity: OCR=28.6 vs PDP=28.6 -> MATCH"
56,냉장고,RM80F22WEWAA,https://www.samsung.com/us/refrigerators/french-door/bespoke-22-cu-ft-counter-depth-4-door-french-door-refrigerator-with-zero-clearance-fit-food-showcase-door-in-white-glass-sku-rm80f22wewaa,PASS,NO_AUTOMATED_EXCEPTION,LISTED,https://images.samsung.com/is/content/samsung/p6pim/us/rm80f22wewaa/energyguide/us-energyguide-rm80f22wewaa-550288296.pdf,OK,600,22.6,PRESENT,PRESENT,PRESENT,RM80F22WE*,600,22.6,OCR_PARSED,,,PRESENT,"[{""source_record_name"": ""page-0006"", ""source_body_sha256"": ""41779ac253556b577caf972a31a3bc9206587969c4cfb67a49035ad12f88a3ac"", ""source_row_id"": ""row-rzuk~mzi9~vcqw"", ""pd_id"": ""4008368"", ""brand_name"": ""Samsung"", ""model_number_raw"": ""RM80F22WE*"", ""energy_star_model_identifier"": ""ES_1023593_RM80F22WE*_04012025085416_80248314""}]","[Basis] No automated issues found
[Comparison]
  Model: OCR=RM80F22WE*; PDP=RM80F22WEWAA; assessment=MODEL_PREFIX_INCLUDED
  kWh: OCR=600 vs PDP=600 -> MATCH
  Capacity: OCR=22.6 vs PDP=22.6 -> MATCH"
57,냉장고,RM80F23VMRAA,https://www.samsung.com/us/refrigerators/french-door/bespoke-23-cu-ft-counter-depth-4-door-french-door-refrigerator-with-ai-hybrid-cooling-beverage-center-in-stainless-steel-sku-rm80f23vmraa,LOW,SAMSUNG_ENERGY_STAR_SOURCE_CONFLICT,LISTED,https://images.samsung.com/is/content/samsung/p6pim/us/rm80f23vmraa/energyguide/us-energyguide-rm80f23vmraa-550457236.pdf,OK,510,23.5,ABSENT,ABSENT,NOT_APPLICABLE,RM80F23VM*,510,23.5,OCR_PARSED,,,PRESENT,"[{""source_record_name"": ""page-0006"", ""source_body_sha256"": ""41779ac253556b577caf972a31a3bc9206587969c4cfb67a49035ad12f88a3ac"", ""source_row_id"": ""row-94v3.6ivd-2d34"", ""pd_id"": ""3892602"", ""brand_name"": ""Samsung"", ""model_number_raw"": ""RM80F23VM*"", ""energy_star_model_identifier"": ""ES_1023593_RM80F23VM*_01082025120406_80237051""}]","[Basis] SAMSUNG_ENERGY_STAR_SOURCE_CONFLICT
[Comparison]
  Model: OCR=RM80F23VM*; PDP=RM80F23VMRAA; assessment=MODEL_PREFIX_INCLUDED
  kWh: OCR=510 vs PDP=510 -> MATCH
  Capacity: OCR=23.5 vs PDP=23.5 -> MATCH
[Mismatch] SAMSUNG_ENERGY_STAR_SOURCE_CONFLICT
[Action] Align ENERGY STAR claims across PDP, PLP and specifications."
58,냉장고,RS22T5201SR/AA,https://www.samsung.com/us/refrigerators/side-by-side/22-cu-ft-counter-depth-side-by-side-refrigerator-in-stainless-steel-sku-rs22t5201sr-aa,PASS,NO_AUTOMATED_EXCEPTION,LISTED,https://images.samsung.com/is/content/samsung/p6pim/us/rs22t5201sr-aa/energyguide/us-energyguide-rs22t5201sr-aa-551112996.pdf,OK,640,22,PRESENT,PRESENT,PRESENT,RS22T5201,640,22,OCR_PARSED,,,PRESENT,"[{""source_record_name"": ""page-0000"", ""source_body_sha256"": ""de77329a31492c9cba9dca114b0a3499c39318e103bb5189749d30ad466eae96"", ""source_row_id"": ""row-53ch_tz5v_sctt"", ""pd_id"": ""2350873"", ""brand_name"": ""Samsung"", ""model_number_raw"": ""RS22T5201**"", ""energy_star_model_identifier"": ""ES_1023593_RS22T5201**_12052019012533_80025060""}]","[Basis] No automated issues found
[Comparison]
  Model: OCR=RS22T5201; PDP=RS22T5201SR/AA; assessment=MODEL_PREFIX_INCLUDED
  kWh: OCR=640 vs PDP=640 -> MATCH
  Capacity: OCR=22 vs PDP=22 -> MATCH"
59,냉장고,RS22T5561SR/AA,https://www.samsung.com/us/refrigerators/side-by-side/22-cu-ft-counter-depth-side-by-side-refrigerator-with-touch-screen-family-hub-in-stainless-steel-sku-rs22t5561sr-aa,MEDIUM,PDP_ENERGYGUIDE_CAPACITY_MISMATCH,LISTED,https://images.samsung.com/is/content/samsung/p6pim/us/rs22t5561sr-aa/energyguide/us-energyguide-rs22t5561sr-aa-551041835.pdf,OK,636,22,PRESENT,PRESENT,PRESENT,RS22T5561,636,21.5,OCR_NUMERIC_DIFFERENCE,,21.5,PRESENT,"[{""source_record_name"": ""page-0000"", ""source_body_sha256"": ""de77329a31492c9cba9dca114b0a3499c39318e103bb5189749d30ad466eae96"", ""source_row_id"": ""row-tgbm.qyea.kqpg"", ""pd_id"": ""2350517"", ""brand_name"": ""Samsung"", ""model_number_raw"": ""RS22T5561**"", ""energy_star_model_identifier"": ""ES_1023593_RS22T5561**_11292019121249_80023233""}]","[Basis] PDP_ENERGYGUIDE_CAPACITY_MISMATCH
[Comparison]
  Model: OCR=RS22T5561; PDP=RS22T5561SR/AA; assessment=MODEL_PREFIX_INCLUDED
  kWh: OCR=636 vs PDP=636 -> MATCH
  Capacity: OCR=21.5 vs PDP=22 -> DIFFERENT
[Mismatch] PDP_ENERGYGUIDE_CAPACITY_MISMATCH
[Action] Verify the PDP and EnergyGuide capacity values and correct the inaccurate disclosure."
60,냉장고,RS23A500ASR/AA,https://www.samsung.com/us/refrigerators/side-by-side/23-cu-ft-smart-counter-depth-side-by-side-refrigerator-in-stainless-steel-sku-rs23a500asr-aa,PASS,NO_AUTOMATED_EXCEPTION,LISTED,https://images.samsung.com/is/content/samsung/p6pim/us/rs23a500asr-aa/energyguide/us-energyguide-rs23a500asr-aa-551113935.pdf,OK,625,22.6,ABSENT,ABSENT,NOT_APPLICABLE,RS23A500A**,625,22.6,OCR_PARSED,,,ABSENT,,"[Basis] No automated issues found
[Comparison]
  Model: OCR=RS23A500A**; PDP=RS23A500ASR/AA; assessment=MODEL_PREFIX_INCLUDED
  kWh: OCR=625 vs PDP=625 -> MATCH
  Capacity: OCR=22.6 vs PDP=22.6 -> MATCH"
61,냉장고,RS23CB7600QLAA,https://www.samsung.com/us/refrigerators/side-by-side/bespoke-counter-depth-side-by-side-23-cu-ft-refrigerator-with-beverage-center-in-stainless-steel-sku-rs23cb7600qlaa,MEDIUM,"PDP_ANNUAL_ENERGY_MISSING, PDP_ENERGYGUIDE_CAPACITY_MISMATCH",LISTED,https://images.samsung.com/is/content/samsung/p6pim/us/rs23cb7600qlaa/energyguide/us-energyguide-rs23cb7600qlaa-551282484.pdf,OK,,23,PRESENT,PRESENT,PRESENT,RS23CB7600,600,22.6,OCR_NUMERIC_DIFFERENCE,600,22.6,PRESENT,"[{""source_record_name"": ""page-0002"", ""source_body_sha256"": ""0da2c3421791b4b6a1cc09a3726eafd165c70697af622013170011ba391ee96b"", ""source_row_id"": ""row-yqrt-5x3n_8d79"", ""pd_id"": ""2404728"", ""brand_name"": ""Samsung"", ""model_number_raw"": ""RS23CB7600**"", ""energy_star_model_identifier"": ""ES_1023593_RS23CB7600**_11182022095634_80143160""}]","[Basis] PDP_ANNUAL_ENERGY_MISSING, PDP_ENERGYGUIDE_CAPACITY_MISMATCH
[Comparison]
  Model: OCR=RS23CB7600; PDP=RS23CB7600QLAA; assessment=MODEL_PREFIX_INCLUDED
  Capacity: OCR=22.6 vs PDP=23 -> DIFFERENT
[Mismatch] PDP_ANNUAL_ENERGY_MISSING, PDP_ENERGYGUIDE_CAPACITY_MISMATCH
[Action] Verify and complete the PDP annual energy disclosure. Verify the PDP and EnergyGuide capacity values and correct the inaccurate disclosure."
62,냉장고,RS27T5200SG/AA,https://www.samsung.com/us/refrigerators/side-by-side/rs5300t-large-capacity-27-4-cu-ft-ebony-black-sku-rs27t5200sg-aa,PASS,NO_AUTOMATED_EXCEPTION,LISTED,https://images.samsung.com/is/content/samsung/p6pim/us/rs27t5200sg-aa/energyguide/us-energyguide-rs27t5200sg-aa-550283975.pdf,OK,728,27.4,ABSENT,ABSENT,NOT_APPLICABLE,RS27T5200**,728,27.4,OCR_PARSED,,,ABSENT,,"[Basis] No automated issues found
[Comparison]
  Model: OCR=RS27T5200**; PDP=RS27T5200SG/AA; assessment=MODEL_PREFIX_INCLUDED
  kWh: OCR=728 vs PDP=728 -> MATCH
  Capacity: OCR=27.4 vs PDP=27.4 -> MATCH"
63,냉장고,RS27T5200SR/AA,https://www.samsung.com/us/refrigerators/side-by-side/rs5300t-large-capacity-27-4-cu-ft-silver-mirror-sku-rs27t5200sr-aa,PASS,NO_AUTOMATED_EXCEPTION,LISTED,https://images.samsung.com/is/content/samsung/p6pim/us/rs27t5200sr-aa/energyguide/us-energyguide-rs27t5200sr-aa-000.pdf,OK,728,27.4,ABSENT,ABSENT,NOT_APPLICABLE,RS27T5200**,728,27.4,OCR_PARSED,,,ABSENT,,"[Basis] No automated issues found
[Comparison]
  Model: OCR=RS27T5200**; PDP=RS27T5200SR/AA; assessment=MODEL_PREFIX_INCLUDED
  kWh: OCR=728 vs PDP=728 -> MATCH
  Capacity: OCR=27.4 vs PDP=27.4 -> MATCH"
64,냉장고,RS27T5561SR/AA,https://www.samsung.com/us/refrigerators/side-by-side/26-7-cu-ft-large-capacity-side-by-side-refrigerator-with-touch-screen-family-hub-in-stainless-steel-sku-rs27t5561sr-aa,PASS,NO_AUTOMATED_EXCEPTION,LISTED,https://images.samsung.com/is/content/samsung/p6pim/us/rs27t5561sr-aa/energyguide/us-energyguide-rs27t5561sr-aa-551041824.pdf,OK,691,26.7,PRESENT,PRESENT,PRESENT,RS27T5561**,691,26.7,OCR_PARSED,,,PRESENT,"[{""source_record_name"": ""page-0000"", ""source_body_sha256"": ""de77329a31492c9cba9dca114b0a3499c39318e103bb5189749d30ad466eae96"", ""source_row_id"": ""row-yczu.zzja.wztk"", ""pd_id"": ""2353680"", ""brand_name"": ""Samsung"", ""model_number_raw"": ""RS27T5561**"", ""energy_star_model_identifier"": ""ES_1023593_RS27T5561**_01162020112447_6666666_""}]","[Basis] No automated issues found
[Comparison]
  Model: OCR=RS27T5561**; PDP=RS27T5561SR/AA; assessment=MODEL_PREFIX_INCLUDED
  kWh: OCR=691 vs PDP=691 -> MATCH
  Capacity: OCR=26.7 vs PDP=26.7 -> MATCH"
65,냉장고,RS28A500ASR/AA,https://www.samsung.com/us/refrigerators/side-by-side/28-cu-ft-smart-side-by-side-refrigerator-in-stainless-steel-sku-rs28a500asr-aa,PASS,NO_AUTOMATED_EXCEPTION,LISTED,https://images.samsung.com/is/content/samsung/p6pim/us/rs28a500asr-aa/energyguide/us-energyguide-rs28a500asr-aa-551113937.pdf,OK,685,28,ABSENT,ABSENT,NOT_APPLICABLE,RS28A500A,685,28,OCR_PARSED,,,ABSENT,,"[Basis] No automated issues found
[Comparison]
  Model: OCR=RS28A500A; PDP=RS28A500ASR/AA; assessment=MODEL_PREFIX_INCLUDED
  kWh: OCR=685 vs PDP=685 -> MATCH
  Capacity: OCR=28 vs PDP=28 -> MATCH"
66,냉장고,RS28CB760012AA,https://www.samsung.com/us/refrigerators/side-by-side/bespoke-side-by-side-28-cu-ft-refrigerator-with-beverage-center-in-white-glass-sku-rs28cb760012aa,LOW,PDP_ANNUAL_ENERGY_MISSING,LISTED,https://images.samsung.com/is/content/samsung/p6pim/us/rs28cb760012aa/energyguide/us-energyguide-rs28cb760012aa-551271828.pdf,OK,,28,PRESENT,PRESENT,PRESENT,RS28CB7600,656,28,OCR_NUMERIC_DIFFERENCE,656,,PRESENT,"[{""source_record_name"": ""page-0002"", ""source_body_sha256"": ""0da2c3421791b4b6a1cc09a3726eafd165c70697af622013170011ba391ee96b"", ""source_row_id"": ""row-zbae-xsni~udc6"", ""pd_id"": ""2404729"", ""brand_name"": ""Samsung"", ""model_number_raw"": ""RS28CB7600**"", ""energy_star_model_identifier"": ""ES_1023593_RS28CB7600**_11182022095634_80143160""}]","[Basis] PDP_ANNUAL_ENERGY_MISSING
[Comparison]
  Model: OCR=RS28CB7600; PDP=RS28CB760012AA; assessment=MODEL_PREFIX_INCLUDED
  Capacity: OCR=28 vs PDP=28 -> MATCH
[Mismatch] PDP_ANNUAL_ENERGY_MISSING
[Action] Verify and complete the PDP annual energy disclosure."
67,냉장고,RS28CB7600QLAA,https://www.samsung.com/us/refrigerators/side-by-side/bespoke-side-by-side-28-cu-ft-refrigerator-with-beverage-center-in-stainless-steel-sku-rs28cb7600qlaa,LOW,PDP_ANNUAL_ENERGY_MISSING,LISTED,https://images.samsung.com/is/content/samsung/p6pim/us/rs28cb7600qlaa/energyguide/us-energyguide-rs28cb7600qlaa-551272141.pdf,OK,,28,PRESENT,PRESENT,PRESENT,RS28CB7600,656,28,OCR_NUMERIC_DIFFERENCE,656,,PRESENT,"[{""source_record_name"": ""page-0002"", ""source_body_sha256"": ""0da2c3421791b4b6a1cc09a3726eafd165c70697af622013170011ba391ee96b"", ""source_row_id"": ""row-zbae-xsni~udc6"", ""pd_id"": ""2404729"", ""brand_name"": ""Samsung"", ""model_number_raw"": ""RS28CB7600**"", ""energy_star_model_identifier"": ""ES_1023593_RS28CB7600**_11182022095634_80143160""}]","[Basis] PDP_ANNUAL_ENERGY_MISSING
[Comparison]
  Model: OCR=RS28CB7600; PDP=RS28CB7600QLAA; assessment=MODEL_PREFIX_INCLUDED
  Capacity: OCR=28 vs PDP=28 -> MATCH
[Mismatch] PDP_ANNUAL_ENERGY_MISSING
[Action] Verify and complete the PDP annual energy disclosure."
68,냉장고,RS70H27SDRAA,https://www.samsung.com/us/refrigerators/side-by-side/bespoke-ai-27-cu-ft-side-by-side-refrigerator-with-sphere-ice-and-external-water-and-ice-dispenser-in-stainless-steel-sku-rs70h27sdraa,PASS,NO_AUTOMATED_EXCEPTION,LISTED,https://images.samsung.com/is/content/samsung/p6pim/us/rs70h27sdraa/energyguide/us-energyguide-rs70h27sdraa-551303779.pdf,OK,715,,ABSENT,ABSENT,NOT_APPLICABLE,RS70H27SD*,715,27.4,OCR_PARSED,,,ABSENT,,"[Basis] No automated issues found
[Comparison]
  Model: OCR=RS70H27SD*; PDP=RS70H27SDRAA; assessment=MODEL_PREFIX_INCLUDED
  kWh: OCR=715 vs PDP=715 -> MATCH"
69,냉장고,RT16A6195SR/AA,https://www.samsung.com/us/refrigerators/top-freezer/15-6-cu-ft-top-freezer-refrigerator-with-all-around-cooling-in-stainless-steel-sku-rt16a6195sr-aa,PASS,NO_AUTOMATED_EXCEPTION,LISTED,https://images.samsung.com/is/content/samsung/p6pim/us/rt16a6195sr-aa/energyguide/us-energyguide-rt16a6195sr-aa-000.pdf,OK,345,15.6,PRESENT,PRESENT,PRESENT,RT16A6195*,345,15.6,OCR_PARSED,,,PRESENT,"[{""source_record_name"": ""page-0001"", ""source_body_sha256"": ""de1b6aad57fa98c88c13857a5c682a91914f12cc0da940e245b68fc702cb5c29"", ""source_row_id"": ""row-t9v5_pbcz_ar4y"", ""pd_id"": ""2382155"", ""brand_name"": ""Samsung"", ""model_number_raw"": ""RT16A6195**"", ""energy_star_model_identifier"": ""ES_1023593_RT16A6195**_07162021111811_80086202""}, {""source_record_name"": ""page-0001"", ""source_body_sha256"": ""de1b6aad57fa98c88c13857a5c682a91914f12cc0da940e245b68fc702cb5c29"", ""source_row_id"": ""row-n3fb~ju8j_7upi"", ""pd_id"": ""2382156"", ""brand_name"": ""Samsung"", ""model_number_raw"": ""RT16A6195**"", ""energy_star_model_identifier"": ""ES_1023593_RT16A6195**_07162021111821_80086202""}]","[Basis] No automated issues found
[Comparison]
  Model: OCR=RT16A6195*; PDP=RT16A6195SR/AA; assessment=MODEL_PREFIX_INCLUDED
  kWh: OCR=345 vs PDP=345 -> MATCH
  Capacity: OCR=15.6 vs PDP=15.6 -> MATCH"
70,냉장고,RT18DG6500SRAA,https://www.samsung.com/us/refrigerators/top-freezer/bespoke-ai-18-cu-ft-top-freezer-refrigerator-with-all-around-cooling-and-ice-maker-ready-in-stainless-steel-sku-rt18dg6500sraa,PASS,NO_AUTOMATED_EXCEPTION,LISTED,https://images.samsung.com/is/content/samsung/p6pim/us/rt18dg6500sraa/energyguide/us-energyguide-rt18dg6500sraa-552107164.pdf,OK,343,17.5,PRESENT,PRESENT,PRESENT,RT18DG6500**,343,17.5,OCR_PARSED,,,PRESENT,"[{""source_record_name"": ""page-0004"", ""source_body_sha256"": ""96edd38591447359888b8d853b0bc3dc6e0ad1eccbd1e2a6f260e42a2ea09b0f"", ""source_row_id"": ""row-tzbr-dwi6.ac6i"", ""pd_id"": ""3423384"", ""brand_name"": ""Samsung"", ""model_number_raw"": ""RT18DG6500**"", ""energy_star_model_identifier"": ""ES_0000000_RT18DG6500**_03272024113541_80203301""}, {""source_record_name"": ""page-0004"", ""source_body_sha256"": ""96edd38591447359888b8d853b0bc3dc6e0ad1eccbd1e2a6f260e42a2ea09b0f"", ""source_row_id"": ""row-dbub.3rpp~rjui"", ""pd_id"": ""3423385"", ""brand_name"": ""Samsung"", ""model_number_raw"": ""RT18DG6500**"", ""energy_star_model_identifier"": ""ES_0000000_RT18DG6500**_03272024113543_80203301""}]","[Basis] No automated issues found
[Comparison]
  Model: OCR=RT18DG6500**; PDP=RT18DG6500SRAA; assessment=MODEL_PREFIX_INCLUDED
  kWh: OCR=343 vs PDP=343 -> MATCH
  Capacity: OCR=17.5 vs PDP=17.5 -> MATCH"
71,냉장고,RT18DG6700SRAA,https://www.samsung.com/us/refrigerators/top-freezer/bespoke-ai-18-cu-ft-top-freezer-refrigerator-with-all-around-cooling-and-auto-ice-maker-in-stainless-steel-sku-rt18dg6700sraa,PASS,NO_AUTOMATED_EXCEPTION,LISTED,https://images.samsung.com/is/content/samsung/p6pim/us/rt18dg6700sraa/energyguide/us-energyguide-rt18dg6700sraa-552059178.pdf,OK,446,17.5,PRESENT,PRESENT,PRESENT,RT18DG6700**,446,17.5,OCR_PARSED,,,PRESENT,"[{""source_record_name"": ""page-0004"", ""source_body_sha256"": ""96edd38591447359888b8d853b0bc3dc6e0ad1eccbd1e2a6f260e42a2ea09b0f"", ""source_row_id"": ""row-5tju.erjc-29m4"", ""pd_id"": ""3423382"", ""brand_name"": ""Samsung"", ""model_number_raw"": ""RT18DG6700**"", ""energy_star_model_identifier"": ""ES_0000000_RT18DG6700**_03272024113544_80203301""}]","[Basis] No automated issues found
[Comparison]
  Model: OCR=RT18DG6700**; PDP=RT18DG6700SRAA; assessment=MODEL_PREFIX_INCLUDED
  kWh: OCR=446 vs PDP=446 -> MATCH
  Capacity: OCR=17.5 vs PDP=17.5 -> MATCH"
72,냉장고,RT70F18LASRAA,https://www.samsung.com/us/refrigerators/top-freezer/18-cu-ft-top-freezer-refrigerator-with-ice-maker-in-stainless-steel-sku-rt70f18lasraa,PASS,NO_AUTOMATED_EXCEPTION,LISTED,https://images.samsung.com/is/content/samsung/p6pim/us/rt70f18lasraa/energyguide/us-energyguide-rt70f18lasraa-550287661.pdf,OK,446,17.5,PRESENT,PRESENT,PRESENT,RT70F18LA**,446,17.5,OCR_PARSED,,,PRESENT,"[{""source_record_name"": ""page-0005"", ""source_body_sha256"": ""9f09527d9a7d0ff1f8a44597999935563a2f43832c05213820e09e9d27fe06e9"", ""source_row_id"": ""row-ciss-7mhp_shc7"", ""pd_id"": ""3845310"", ""brand_name"": ""Samsung"", ""model_number_raw"": ""RT70F18LA**"", ""energy_star_model_identifier"": ""ES_1023593_RT70F18LA**_12112024113109_80233447""}]","[Basis] No automated issues found
[Comparison]
  Model: OCR=RT70F18LA**; PDP=RT70F18LASRAA; assessment=MODEL_PREFIX_INCLUDED
  kWh: OCR=446 vs PDP=446 -> MATCH
  Capacity: OCR=17.5 vs PDP=17.5 -> MATCH"
73,냉장고,RT70F18LRSRAA,https://www.samsung.com/us/refrigerators/top-freezer/18-cu-ft-top-freezer-refrigerator-with-all-around-cooling-in-stainless-steel-sku-rt70f18lrsraa,PASS,NO_AUTOMATED_EXCEPTION,LISTED,https://images.samsung.com/is/content/samsung/p6pim/us/rt70f18lrsraa/energyguide/us-energyguide-rt70f18lrsraa-550954275.pdf,OK,343,17.5,PRESENT,PRESENT,PRESENT,RT70F18LR**,343,17.5,OCR_PARSED,,,PRESENT,"[{""source_record_name"": ""page-0005"", ""source_body_sha256"": ""9f09527d9a7d0ff1f8a44597999935563a2f43832c05213820e09e9d27fe06e9"", ""source_row_id"": ""row-vcdh~ft43.nir9"", ""pd_id"": ""3845308"", ""brand_name"": ""Samsung"", ""model_number_raw"": ""RT70F18LR**"", ""energy_star_model_identifier"": ""ES_1023593_RT70F18LR**_12112024113107_80233447""}, {""source_record_name"": ""page-0005"", ""source_body_sha256"": ""9f09527d9a7d0ff1f8a44597999935563a2f43832c05213820e09e9d27fe06e9"", ""source_row_id"": ""row-bki2.9iec.girm"", ""pd_id"": ""3845309"", ""brand_name"": ""Samsung"", ""model_number_raw"": ""RT70F18LR**"", ""energy_star_model_identifier"": ""ES_1023593_RT70F18LR**_12112024113106_80233447""}]","[Basis] No automated issues found
[Comparison]
  Model: OCR=RT70F18LR**; PDP=RT70F18LRSRAA; assessment=MODEL_PREFIX_INCLUDED
  kWh: OCR=343 vs PDP=343 -> MATCH
  Capacity: OCR=17.5 vs PDP=17.5 -> MATCH"
74,냉장고,RZ11M7074SA/AA,https://www.samsung.com/us/refrigerators/one-door/11-4-cu-ft-capacity-convertible-upright-freezer-in-stainless-look-sku-rz11m7074sa-aa,PASS,NO_AUTOMATED_EXCEPTION,LISTED,https://images.samsung.com/is/content/samsung/p6pim/us/rz11m7074sa-aa/energyguide/us-energyguide-rz11m7074sa-aa-550373809.pdf,OK,361,11.4,PRESENT,PRESENT,PRESENT,RZ11M7074**,361,11.4,OCR_PARSED,,,PRESENT,"[{""source_record_name"": ""page-0001"", ""source_body_sha256"": ""de1b6aad57fa98c88c13857a5c682a91914f12cc0da940e245b68fc702cb5c29"", ""source_row_id"": ""row-d4i9-hgmn-pef8"", ""pd_id"": ""2362230"", ""brand_name"": ""Samsung"", ""model_number_raw"": ""RZ11M7074**"", ""energy_star_model_identifier"": ""ES_1023593_RZ11M7074**_06292020121345_80046498""}]","[Basis] No automated issues found
[Comparison]
  Model: OCR=RZ11M7074**; PDP=RZ11M7074SA/AA; assessment=MODEL_PREFIX_INCLUDED
  kWh: OCR=361 vs PDP=361 -> MATCH
  Capacity: OCR=11.4 vs PDP=11.4 -> MATCH"
75,냉장고,RZ40H11PETAA,https://www.samsung.com/us/refrigerators/one-door/11-4-cu-ft-capacity-convertible-upright-freezer-in-stainless-look-sku-rz40h11petaa,HIGH,CRITICAL_ENERGY_STAR_ELIGIBILITY_CANDIDATE,LISTED,https://images.samsung.com/is/content/samsung/p6pim/us/rz40h11petaa/energyguide/us-energyguide-rz40h11petaa-553844814.pdf,OK,361,11.4,PRESENT,PRESENT,PRESENT,RZ40H11PE*,361,11.4,OCR_PARSED,,,ABSENT,,"[Basis] CRITICAL_ENERGY_STAR_ELIGIBILITY_CANDIDATE
[Comparison]
  Model: OCR=RZ40H11PE*; PDP=RZ40H11PETAA; assessment=MODEL_PREFIX_INCLUDED
  kWh: OCR=361 vs PDP=361 -> MATCH
  Capacity: OCR=11.4 vs PDP=11.4 -> MATCH
[Mismatch] CRITICAL_ENERGY_STAR_ELIGIBILITY_CANDIDATE
[Action] Check the EPA registration supporting the ENERGY STAR claim."
76,식기세척기,DW50T6060US/AA,https://www.samsung.com/us/dishwashers/freestanding/whisper-quiet-46-dba-dishwasher-in-stainless-steel-sku-dw50t6060us-aa/,MEDIUM,ANNUAL_ENERGY_MISMATCH,IN_SCOPE,https://images.samsung.com/is/content/samsung/p6pim/us/dw50t6060us-aa/energyguide/us-energyguide-dw50t6060us-aa-553716109.pdf,LINKED_UNVERIFIED,259,,PRESENT,PRESENT,PRESENT,DW50T6060**,259,,VALUE,240,,PRESENT,MATCHED_CURRENT_EPA_PATTERN_CANDIDATES,"[Basis] ANNUAL_ENERGY_MISMATCH
[Comparison]
  Model: OCR=DW50T6060**; PDP=DW50T6060US/AA; assessment=not assessed
  kWh: OCR=259 vs PDP=259 -> MATCH
[Mismatch] ANNUAL_ENERGY_MISMATCH
[Action] Compare PDP, EnergyGuide and EPA annual kWh values and correct the differing value."
77,식기세척기,DW60R2014US/AA,https://www.samsung.com/us/dishwashers/freestanding/front-control-52-dba-ada-dishwasher-in-stainless-steel-sku-dw60r2014us-aa/,MEDIUM,ANNUAL_ENERGY_MISMATCH,IN_SCOPE,https://images.samsung.com/is/content/samsung/p6pim/us/dw60r2014us-aa/energyguide/us-energyguide-dw60r2014us-aa-551239857.pdf,LINKED_UNVERIFIED,265,,PRESENT,PRESENT,PRESENT,DW60R2014**,265,,VALUE,240,,PRESENT,MATCHED_CURRENT_EPA_PATTERN_CANDIDATES,"[Basis] ANNUAL_ENERGY_MISMATCH
[Comparison]
  Model: OCR=DW60R2014**; PDP=DW60R2014US/AA; assessment=not assessed
  kWh: OCR=265 vs PDP=265 -> MATCH
[Mismatch] ANNUAL_ENERGY_MISMATCH
[Action] Compare PDP, EnergyGuide and EPA annual kWh values and correct the differing value."
78,식기세척기,DW70H83YEURAA,https://www.samsung.com/us/dishwashers/built-in/48-dba-dishwasher-with-3rd-rack-and-autorelease-door-drying-in-stainless-steel-sku-dw70h83yeuraa/,PASS,NO_AUTOMATED_EXCEPTION,IN_SCOPE,https://images.samsung.com/is/content/samsung/p6pim/us/dw70h83yeuraa/energyguide/us-energyguide-dw70h83yeuraa-553769761.pdf,LINKED_UNVERIFIED,225,15,PRESENT,PRESENT,PRESENT,DW70H83YE**,225,,VALUE,225,,PRESENT,MATCHED_CURRENT_EPA_ROW,"[Basis] No automated issues found
[Comparison]
  Model: OCR=DW70H83YE**; PDP=DW70H83YEURAA; assessment=not assessed
  kWh: OCR=225 vs PDP=225 -> MATCH"
79,식기세척기,DW80B7070UG/AA,https://www.samsung.com/us/dishwashers/freestanding/smart-42dba-dishwasher-with-stormwash-and-smart-dry-in-black-stainless-steel-sku-dw80b7070ug-aa/,PASS,NO_AUTOMATED_EXCEPTION,IN_SCOPE,https://images.samsung.com/is/content/samsung/p6pim/us/dw80b7070ug-aa/energyguide/us-energyguide-dw80b7070ug-aa-550316433.pdf,LINKED_UNVERIFIED,239,,PRESENT,PRESENT,PRESENT,DW80B60**U* · DW80B70**A* · DW80B70**U*,239,,VALUE,239,,PRESENT,MATCHED_CURRENT_EPA_PATTERN_CANDIDATES,"[Basis] No automated issues found
[Comparison]
  Model: OCR=DW80B60**U* · DW80B70**A* · DW80B70**U*; PDP=DW80B7070UG/AA; assessment=not assessed
  kWh: OCR=239 vs PDP=239 -> MATCH"
80,식기세척기,DW80B7070US/AA,https://www.samsung.com/us/dishwashers/freestanding/smart-42dba-dishwasher-with-stormwash-and-smart-dry-in-stainless-steel-sku-dw80b7070us-aa/,PASS,NO_AUTOMATED_EXCEPTION,IN_SCOPE,https://images.samsung.com/is/content/samsung/p6pim/us/dw80b7070us-aa/energyguide/us-energyguide-dw80b7070us-aa-551295141.pdf,LINKED_UNVERIFIED,239,,PRESENT,PRESENT,PRESENT,DW80B60**U* · DW80B70**A* · DW80B70**U*,239,,VALUE,239,,PRESENT,MATCHED_CURRENT_EPA_PATTERN_CANDIDATES,"[Basis] No automated issues found
[Comparison]
  Model: OCR=DW80B60**U* · DW80B70**A* · DW80B70**U*; PDP=DW80B7070US/AA; assessment=not assessed
  kWh: OCR=239 vs PDP=239 -> MATCH"
81,식기세척기,DW80B7071US/AA,https://www.samsung.com/us/dishwashers/freestanding/smart-42dba-dishwasher-with-stormwash-and-smart-dry-in-stainless-steel-sku-dw80b7071us-aa/,PASS,NO_AUTOMATED_EXCEPTION,IN_SCOPE,https://images.samsung.com/is/content/samsung/p6pim/us/dw80b7071us-aa/energyguide/us-energyguide-dw80b7071us-aa-551285748.pdf,LINKED_UNVERIFIED,239,,PRESENT,PRESENT,PRESENT,DW80B60**U* · DW80B70**A* · DW80B70**U*,239,,VALUE,239,,PRESENT,MATCHED_CURRENT_EPA_PATTERN_CANDIDATES,"[Basis] No automated issues found
[Comparison]
  Model: OCR=DW80B60**U* · DW80B70**A* · DW80B70**U*; PDP=DW80B7071US/AA; assessment=not assessed
  kWh: OCR=239 vs PDP=239 -> MATCH"
82,식기세척기,DW80BB707012AA,https://www.samsung.com/us/dishwashers/freestanding/bespoke-smart-42dba-dishwasher-with-stormwash-and-smart-dry-in-white-glass-sku-dw80bb707012aa/,HIGH,"CRITICAL_ENERGY_STAR_ELIGIBILITY_CANDIDATE, EPA_CURRENT_MODEL_NOT_REGISTERED",IN_SCOPE,https://images.samsung.com/is/content/samsung/p6pim/us/dw80bb707012aa/energyguide/us-energyguide-dw80bb707012aa-550434200.pdf,LINKED_UNVERIFIED,239,,PRESENT,PRESENT,PRESENT,DW80B60**U* · DW80B70**A* · DW80B70**U* · DW80BB7070*,239,,VALUE,,,ABSENT,NO_CURRENT_EPA_ROW,"[Basis] CRITICAL_ENERGY_STAR_ELIGIBILITY_CANDIDATE, EPA_CURRENT_MODEL_NOT_REGISTERED
[Comparison]
  Model: OCR=DW80B60**U* · DW80B70**A* · DW80B70**U* · DW80BB7070*; PDP=DW80BB707012AA; assessment=not assessed
  kWh: OCR=239 vs PDP=239 -> MATCH
[Mismatch] CRITICAL_ENERGY_STAR_ELIGIBILITY_CANDIDATE, EPA_CURRENT_MODEL_NOT_REGISTERED
[Action] Check the EPA registration supporting the ENERGY STAR claim. Check current EPA registration and the ENERGY STAR claim together."
83,식기세척기,DW80CB545012AA,https://www.samsung.com/us/dishwashers/freestanding/bespoke-smart-46-dba-dishwasher-with-stormwash-in-white-glass-sku-dw80cb545012aa/,HIGH,"CRITICAL_ENERGY_STAR_ELIGIBILITY_CANDIDATE, EPA_CURRENT_MODEL_NOT_REGISTERED",IN_SCOPE,https://images.samsung.com/is/content/samsung/p6pim/us/dw80cb545012aa/energyguide/us-energyguide-dw80cb545012aa-550485040.pdf,LINKED_UNVERIFIED,239,,PRESENT,PRESENT,PRESENT,DW80CB54****** · DW80CG50****** · DW80CG54******,239,,VALUE,,,ABSENT,NO_CURRENT_EPA_ROW,"[Basis] CRITICAL_ENERGY_STAR_ELIGIBILITY_CANDIDATE, EPA_CURRENT_MODEL_NOT_REGISTERED
[Comparison]
  Model: OCR=DW80CB54****** · DW80CG50****** · DW80CG54******; PDP=DW80CB545012AA; assessment=not assessed
  kWh: OCR=239 vs PDP=239 -> MATCH
[Mismatch] CRITICAL_ENERGY_STAR_ELIGIBILITY_CANDIDATE, EPA_CURRENT_MODEL_NOT_REGISTERED
[Action] Check the EPA registration supporting the ENERGY STAR claim. Check current EPA registration and the ENERGY STAR claim together."
84,식기세척기,DW80CG4021SRAA,https://www.samsung.com/us/dishwashers/freestanding/fingerprint-resistant-53-dba-dishwasher-with-height-adjustable-rack-in-stainless-steel-sku-dw80cg4021sraa/,PASS,NO_AUTOMATED_EXCEPTION,IN_SCOPE,https://images.samsung.com/is/content/samsung/p6pim/us/dw80cg4021sraa/energyguide/us-energyguide-dw80cg4021sraa-550469466.pdf,LINKED_UNVERIFIED,239,,PRESENT,PRESENT,PRESENT,DW80CG4021** · DW80CG4051**,239,,VALUE,239,,PRESENT,MATCHED_CURRENT_EPA_PATTERN_CANDIDATES,"[Basis] No automated issues found
[Comparison]
  Model: OCR=DW80CG4021** · DW80CG4051**; PDP=DW80CG4021SRAA; assessment=not assessed
  kWh: OCR=239 vs PDP=239 -> MATCH"
85,식기세척기,DW80CG4051SRAA,https://www.samsung.com/us/dishwashers/freestanding/fingerprint-resistant-51-dba-dishwasher-with-3rd-rack-in-stainless-steel-sku-dw80cg4051sraa/,PASS,NO_AUTOMATED_EXCEPTION,IN_SCOPE,https://images.samsung.com/is/content/samsung/p6pim/us/dw80cg4051sraa/energyguide/us-energyguide-dw80cg4051sraa-550441907.pdf,LINKED_UNVERIFIED,239,,PRESENT,PRESENT,PRESENT,DW80CG4021** · DW80CG4051**,239,,VALUE,239,,PRESENT,MATCHED_CURRENT_EPA_PATTERN_CANDIDATES,"[Basis] No automated issues found
[Comparison]
  Model: OCR=DW80CG4021** · DW80CG4051**; PDP=DW80CG4051SRAA; assessment=not assessed
  kWh: OCR=239 vs PDP=239 -> MATCH"
86,식기세척기,DW80CG5420SRAA,https://www.samsung.com/us/dishwashers/freestanding/smart-48-dba-dishwasher-with-stormwash-cleaning-system-sku-dw80cg5420sraa/,HIGH,"CRITICAL_ENERGY_STAR_ELIGIBILITY_CANDIDATE, EPA_CURRENT_MODEL_NOT_REGISTERED",IN_SCOPE,https://images.samsung.com/is/content/samsung/p6pim/us/dw80cg5420sraa/energyguide/us-energyguide-dw80cg5420sraa-553715341.pdf,LINKED_UNVERIFIED,239,14,PRESENT,PRESENT,PRESENT,DW80CB54****** · DW80CG50****** · DW80CG54******,239,,VALUE,,,ABSENT,NO_CURRENT_EPA_ROW,"[Basis] CRITICAL_ENERGY_STAR_ELIGIBILITY_CANDIDATE, EPA_CURRENT_MODEL_NOT_REGISTERED
[Comparison]
  Model: OCR=DW80CB54****** · DW80CG50****** · DW80CG54******; PDP=DW80CG5420SRAA; assessment=not assessed
  kWh: OCR=239 vs PDP=239 -> MATCH
[Mismatch] CRITICAL_ENERGY_STAR_ELIGIBILITY_CANDIDATE, EPA_CURRENT_MODEL_NOT_REGISTERED
[Action] Check the EPA registration supporting the ENERGY STAR claim. Check current EPA registration and the ENERGY STAR claim together."
87,식기세척기,DW80CG5450MTAA,https://www.samsung.com/us/dishwashers/freestanding/smart-46-dba-dishwasher-with-stormwash-in-matte-black-steel-sku-dw80cg5450mtaa/,HIGH,"CRITICAL_ENERGY_STAR_ELIGIBILITY_CANDIDATE, EPA_CURRENT_MODEL_NOT_REGISTERED",IN_SCOPE,https://images.samsung.com/is/content/samsung/p6pim/us/dw80cg5450mtaa/energyguide/us-energyguide-dw80cg5450mtaa-550483796.pdf,LINKED_UNVERIFIED,239,,PRESENT,PRESENT,PRESENT,DW80CB54****** · DW80CG50****** · DW80CG54******,239,,VALUE,,,ABSENT,NO_CURRENT_EPA_ROW,"[Basis] CRITICAL_ENERGY_STAR_ELIGIBILITY_CANDIDATE, EPA_CURRENT_MODEL_NOT_REGISTERED
[Comparison]
  Model: OCR=DW80CB54****** · DW80CG50****** · DW80CG54******; PDP=DW80CG5450MTAA; assessment=not assessed
  kWh: OCR=239 vs PDP=239 -> MATCH
[Mismatch] CRITICAL_ENERGY_STAR_ELIGIBILITY_CANDIDATE, EPA_CURRENT_MODEL_NOT_REGISTERED
[Action] Check the EPA registration supporting the ENERGY STAR claim. Check current EPA registration and the ENERGY STAR claim together."
88,식기세척기,DW80CG5450SRAA,https://www.samsung.com/us/dishwashers/freestanding/smart-46-dba-dishwasher-with-stormwash-in-stainless-steel-sku-dw80cg5450sraa/,HIGH,"CRITICAL_ENERGY_STAR_ELIGIBILITY_CANDIDATE, EPA_CURRENT_MODEL_NOT_REGISTERED",IN_SCOPE,https://images.samsung.com/is/content/samsung/p6pim/us/dw80cg5450sraa/energyguide/us-energyguide-dw80cg5450sraa-550484030.pdf,LINKED_UNVERIFIED,239,,PRESENT,PRESENT,PRESENT,DW80CB54****** · DW80CG50****** · DW80CG54******,239,,VALUE,,,ABSENT,NO_CURRENT_EPA_ROW,"[Basis] CRITICAL_ENERGY_STAR_ELIGIBILITY_CANDIDATE, EPA_CURRENT_MODEL_NOT_REGISTERED
[Comparison]
  Model: OCR=DW80CB54****** · DW80CG50****** · DW80CG54******; PDP=DW80CG5450SRAA; assessment=not assessed
  kWh: OCR=239 vs PDP=239 -> MATCH
[Mismatch] CRITICAL_ENERGY_STAR_ELIGIBILITY_CANDIDATE, EPA_CURRENT_MODEL_NOT_REGISTERED
[Action] Check the EPA registration supporting the ENERGY STAR claim. Check current EPA registration and the ENERGY STAR claim together."
89,식기세척기,DW80CG5451MTAA,https://www.samsung.com/us/dishwashers/freestanding/smart-46-dba-dishwasher-with-stormwash-in-fingerprint-resistant-matte-black-steel-sku-dw80cg5451mtaa/,HIGH,"CRITICAL_ENERGY_STAR_ELIGIBILITY_CANDIDATE, EPA_CURRENT_MODEL_NOT_REGISTERED",IN_SCOPE,https://images.samsung.com/is/content/samsung/p6pim/us/dw80cg5451mtaa/energyguide/us-energyguide-dw80cg5451mtaa-550484548.pdf,LINKED_UNVERIFIED,239,,PRESENT,PRESENT,PRESENT,DW80CB54****** · DW80CG50****** · DW80CG54******,239,,VALUE,,,ABSENT,NO_CURRENT_EPA_ROW,"[Basis] CRITICAL_ENERGY_STAR_ELIGIBILITY_CANDIDATE, EPA_CURRENT_MODEL_NOT_REGISTERED
[Comparison]
  Model: OCR=DW80CB54****** · DW80CG50****** · DW80CG54******; PDP=DW80CG5451MTAA; assessment=not assessed
  kWh: OCR=239 vs PDP=239 -> MATCH
[Mismatch] CRITICAL_ENERGY_STAR_ELIGIBILITY_CANDIDATE, EPA_CURRENT_MODEL_NOT_REGISTERED
[Action] Check the EPA registration supporting the ENERGY STAR claim. Check current EPA registration and the ENERGY STAR claim together."
90,식기세척기,DW80CG5451SRAA,https://www.samsung.com/us/dishwashers/freestanding/smart-46-dba-dishwasher-with-stormwash-in-fingerprint-resistant-stainless-steel-sku-dw80cg5451sraa/,HIGH,"CRITICAL_ENERGY_STAR_ELIGIBILITY_CANDIDATE, EPA_CURRENT_MODEL_NOT_REGISTERED",IN_SCOPE,https://images.samsung.com/is/content/samsung/p6pim/us/dw80cg5451sraa/energyguide/us-energyguide-dw80cg5451sraa-550484603.pdf,LINKED_UNVERIFIED,239,,PRESENT,PRESENT,PRESENT,DW80CB54****** · DW80CG50****** · DW80CG54******,239,,VALUE,,,ABSENT,NO_CURRENT_EPA_ROW,"[Basis] CRITICAL_ENERGY_STAR_ELIGIBILITY_CANDIDATE, EPA_CURRENT_MODEL_NOT_REGISTERED
[Comparison]
  Model: OCR=DW80CB54****** · DW80CG50****** · DW80CG54******; PDP=DW80CG5451SRAA; assessment=not assessed
  kWh: OCR=239 vs PDP=239 -> MATCH
[Mismatch] CRITICAL_ENERGY_STAR_ELIGIBILITY_CANDIDATE, EPA_CURRENT_MODEL_NOT_REGISTERED
[Action] Check the EPA registration supporting the ENERGY STAR claim. Check current EPA registration and the ENERGY STAR claim together."
91,식기세척기,DW90F89P0USRAA,https://www.samsung.com/us/dishwashers/freestanding/38-dba-bespoke-auto-open-door-dishwasher-with-3rd-rack-washing-system-in-fingerprint-resistant-stainless-steel-sku-dw90f89p0usraa/,PASS,NO_AUTOMATED_EXCEPTION,IN_SCOPE,https://images.samsung.com/is/content/samsung/p6pim/us/dw90f89p0usraa/energyguide/us-energyguide-dw90f89p0usraa-554563789.pdf,LINKED_UNVERIFIED,225,,PRESENT,PRESENT,PRESENT,DW90F8**0***,225,,VALUE,225,,PRESENT,MATCHED_CURRENT_EPA_PATTERN_CANDIDATES,"[Basis] No automated issues found
[Comparison]
  Model: OCR=DW90F8**0***; PDP=DW90F89P0USRAA; assessment=not assessed
  kWh: OCR=225 vs PDP=225 -> MATCH"
92,식기세척기,DW90F89T0U12AA,https://www.samsung.com/us/dishwashers/freestanding/38-dba-bespoke-smart-dishwasher-with-3rd-rack-washing-system-in-white-glass-sku-dw90f89t0u12aa/,PASS,NO_AUTOMATED_EXCEPTION,IN_SCOPE,https://images.samsung.com/is/content/samsung/p6pim/us/dw90f89t0u12aa/energyguide/us-energyguide-dw90f89t0u12aa-550422720.pdf,LINKED_UNVERIFIED,225,,PRESENT,PRESENT,PRESENT,DW90F8**0***,225,,VALUE,225,,PRESENT,MATCHED_CURRENT_EPA_PATTERN_CANDIDATES,"[Basis] No automated issues found
[Comparison]
  Model: OCR=DW90F8**0***; PDP=DW90F89T0U12AA; assessment=not assessed
  kWh: OCR=225 vs PDP=225 -> MATCH"
93,식기세척기,DW90F89T0UMTAA,https://www.samsung.com/us/dishwashers/freestanding/38-dba-bespoke-smart-dishwasher-with-3rd-rack-washing-system-in-fingerprint-resistant-matte-black-steel-sku-dw90f89t0umtaa/,PASS,NO_AUTOMATED_EXCEPTION,IN_SCOPE,https://images.samsung.com/is/content/samsung/p6pim/us/dw90f89t0umtaa/energyguide/us-energyguide-dw90f89t0umtaa-550422745.pdf,LINKED_UNVERIFIED,225,,PRESENT,PRESENT,PRESENT,DW90F8**0***,225,,VALUE,225,,PRESENT,MATCHED_CURRENT_EPA_PATTERN_CANDIDATES,"[Basis] No automated issues found
[Comparison]
  Model: OCR=DW90F8**0***; PDP=DW90F89T0UMTAA; assessment=not assessed
  kWh: OCR=225 vs PDP=225 -> MATCH"
94,식기세척기,DW90F89T0USRAA,https://www.samsung.com/us/dishwashers/freestanding/38-dba-bespoke-smart-dishwasher-with-3rd-rack-washing-system-in-fingerprint-resistant-stainless-steel-sku-dw90f89t0usraa/,PASS,NO_AUTOMATED_EXCEPTION,IN_SCOPE,https://images.samsung.com/is/content/samsung/p6pim/us/dw90f89t0usraa/energyguide/us-energyguide-dw90f89t0usraa-550422783.pdf,LINKED_UNVERIFIED,225,,PRESENT,PRESENT,PRESENT,DW90F8**0***,225,,VALUE,225,,PRESENT,MATCHED_CURRENT_EPA_PATTERN_CANDIDATES,"[Basis] No automated issues found
[Comparison]
  Model: OCR=DW90F8**0***; PDP=DW90F89T0USRAA; assessment=not assessed
  kWh: OCR=225 vs PDP=225 -> MATCH"
95,식기세척기,DW90H89TETEAA,https://www.samsung.com/us/dishwashers/built-under/38-dba-dishwasher-with-3rd-rack-washing-system-in-matte-black-steel-sku-dw90h89teteaa/,PASS,NO_AUTOMATED_EXCEPTION,IN_SCOPE,https://images.samsung.com/is/content/samsung/p6pim/us/dw90h89teteaa/energyguide/us-energyguide-dw90h89teteaa-553811644.pdf,LINKED_UNVERIFIED,225,16,PRESENT,PRESENT,PRESENT,DW90F8**0*** · DW90H89TE**,225,,VALUE,225,,PRESENT,MATCHED_CURRENT_EPA_PATTERN_CANDIDATES,"[Basis] No automated issues found
[Comparison]
  Model: OCR=DW90F8**0*** · DW90H89TE**; PDP=DW90H89TETEAA; assessment=not assessed
  kWh: OCR=225 vs PDP=225 -> MATCH"
96,식기세척기,DW90H89TETRAA,https://www.samsung.com/us/dishwashers/built-under/38-dba-dishwasher-with-3rd-rack-washing-system-in-stainless-steel-sku-dw90h89tetraa/,PASS,NO_AUTOMATED_EXCEPTION,IN_SCOPE,https://images.samsung.com/is/content/samsung/p6pim/us/dw90h89tetraa/energyguide/us-energyguide-dw90h89tetraa-553811310.pdf,LINKED_UNVERIFIED,225,16,PRESENT,PRESENT,PRESENT,DW90F8**0*** · DW90H89TE**,225,,VALUE,225,,PRESENT,MATCHED_CURRENT_EPA_PATTERN_CANDIDATES,"[Basis] No automated issues found
[Comparison]
  Model: OCR=DW90F8**0*** · DW90H89TE**; PDP=DW90H89TETRAA; assessment=not assessed
  kWh: OCR=225 vs PDP=225 -> MATCH"
97,세탁기,WA40A3005AW/A4,https://www.samsung.com/us/laundry/washers/top-load-wa3000j-4-cu-ft-white-sku-wa40a3005aw-a4/,PASS,NO_AUTOMATED_EXCEPTION,IN_SCOPE,https://images.samsung.com/is/content/samsung/p6pim/us/wa40a3005aw-a4/energyguide/us-energyguide-wa40a3005aw-a4-550491077.pdf,LINKED_UNVERIFIED,240,4,ABSENT,ABSENT,NOT_APPLICABLE,WA40A3005A* · DC68-04438D-00,,,NOT_CAPTURED,,,ABSENT,,"[Basis] No automated issues found
[Comparison]
  Model: OCR=WA40A3005A* · DC68-04438D-00; PDP=WA40A3005AW/A4; assessment=not assessed"
98,세탁기,WA41A3000AW/A4,https://www.samsung.com/us/laundry/washers/top-load-wa3000j-top-load-washer-with-soft-close-lid-and-8-washing-cycles-4-1-cu-ft-white-sku-wa41a3000aw-a4/,PASS,NO_AUTOMATED_EXCEPTION,IN_SCOPE,https://images.samsung.com/is/content/samsung/p6pim/us/wa41a3000aw-a4/energyguide/us-energyguide-wa41a3000aw-a4-550491405.pdf,LINKED_UNVERIFIED,,4.1,ABSENT,ABSENT,NOT_APPLICABLE,WA41A30**A* · DC68-0000000-00,,,NOT_CAPTURED,,,ABSENT,,"[Basis] No automated issues found
[Comparison]
  Model: OCR=WA41A30**A* · DC68-0000000-00; PDP=WA41A3000AW/A4; assessment=not assessed"
99,세탁기,WA44A3205AW/A4,https://www.samsung.com/us/laundry/washers/top-load-wa3000j-top-load-washer-with-activewave-agitator-and-soft-close-lid-4-4-cu-ft-white-sku-wa44a3205aw-a4/,PASS,NO_AUTOMATED_EXCEPTION,IN_SCOPE,https://images.samsung.com/is/content/samsung/p6pim/us/wa44a3205aw-a4/energyguide/us-energyguide-wa44a3205aw-a4-550491914.pdf,LINKED_UNVERIFIED,240,4.4,ABSENT,ABSENT,NOT_APPLICABLE,WA44A3405A* · WA44A3205A* · DC68-04438F-00,,,NOT_CAPTURED,,,ABSENT,,"[Basis] No automated issues found
[Comparison]
  Model: OCR=WA44A3405A* · WA44A3205A* · DC68-04438F-00; PDP=WA44A3205AW/A4; assessment=not assessed"
100,세탁기,WA45T3200AW/A4,https://www.samsung.com/us/laundry/washers/top-load-wa3000j-top-loading-smart-care-self-clean-soft-close-lid-4-5-cu-ft-white-sku-wa45t3200aw-a4/,PASS,NO_AUTOMATED_EXCEPTION,IN_SCOPE,https://images.samsung.com/is/content/samsung/p6pim/us/wa45t3200aw-a4/energyguide/us-energyguide-wa45t3200aw-a4-550498873.pdf,LINKED_UNVERIFIED,240,4.5,ABSENT,ABSENT,ABSENT,WA45T32**A* · WA45T34**A* · DC68-04438E-00,,,NOT_CAPTURED,,,ABSENT,,"[Basis] No automated issues found
[Comparison]
  Model: OCR=WA45T32**A* · WA45T34**A* · DC68-04438E-00; PDP=WA45T3200AW/A4; assessment=not assessed"
101,세탁기,WA46CG3505AVA4,https://www.samsung.com/us/laundry/washers/top-load-wa3505c-top-load-large-capacity-smartthings-4-6-cu-ft-black-sku-wa46cg3505ava4/,PASS,NO_AUTOMATED_EXCEPTION,IN_SCOPE,https://images.samsung.com/is/content/samsung/p6pim/us/wa46cg3505ava4/energyguide/us-energyguide-wa46cg3505ava4-550491904.pdf,LINKED_UNVERIFIED,240,4.6,ABSENT,ABSENT,NOT_APPLICABLE,WA46CG3505A*,,,NOT_CAPTURED,,,ABSENT,,"[Basis] No automated issues found
[Comparison]
  Model: OCR=WA46CG3505A*; PDP=WA46CG3505AVA4; assessment=not assessed"
102,세탁기,WA46CG3505AWA4,https://www.samsung.com/us/laundry/washers/top-load-wa3505c-top-load-large-capacity-smartthings-4-6-cu-ft-white-sku-wa46cg3505awa4/,PASS,NO_AUTOMATED_EXCEPTION,IN_SCOPE,https://images.samsung.com/is/content/samsung/p6pim/us/wa46cg3505awa4/energyguide/us-energyguide-wa46cg3505awa4-550491907.pdf,LINKED_UNVERIFIED,240,4.6,ABSENT,ABSENT,NOT_APPLICABLE,WA46CG3505A*,,,NOT_CAPTURED,,,ABSENT,,"[Basis] No automated issues found
[Comparison]
  Model: OCR=WA46CG3505A*; PDP=WA46CG3505AWA4; assessment=not assessed"
103,세탁기,WA47CG3500AVA4,https://www.samsung.com/us/laundry/washers/top-load-wa3500c-large-capacity-smartthings-4-7-cu-ft-black-sku-wa47cg3500ava4/,PASS,NO_AUTOMATED_EXCEPTION,IN_SCOPE,https://images.samsung.com/is/content/samsung/p6pim/us/wa47cg3500ava4/energyguide/us-energyguide-wa47cg3500ava4-550500036.pdf,LINKED_UNVERIFIED,240,4.7,ABSENT,ABSENT,NOT_APPLICABLE,WA47CG35**A*,,,NOT_CAPTURED,,,ABSENT,,"[Basis] No automated issues found
[Comparison]
  Model: OCR=WA47CG35**A*; PDP=WA47CG3500AVA4; assessment=not assessed"
104,세탁기,WA47CG3500AWA4,https://www.samsung.com/us/laundry/washers/top-load-wa3500c-large-capacity-smartthings-4-7-cu-ft-white-sku-wa47cg3500awa4/,PASS,NO_AUTOMATED_EXCEPTION,IN_SCOPE,https://images.samsung.com/is/content/samsung/p6pim/us/wa47cg3500awa4/energyguide/us-energyguide-wa47cg3500awa4-550500051.pdf,LINKED_UNVERIFIED,240,4.7,ABSENT,ABSENT,NOT_APPLICABLE,WA47CG35**A*,,,NOT_CAPTURED,,,ABSENT,,"[Basis] No automated issues found
[Comparison]
  Model: OCR=WA47CG35**A*; PDP=WA47CG3500AWA4; assessment=not assessed"
105,세탁기,WA51DG5505AWUS,https://www.samsung.com/us/laundry/washers/top-load-5-1-cu-ft-large-capacity-smart-top-load-washer-with-activewave-agitator-and-super-speed-wash-in-white-sku-wa51dg5505awus/,PASS,NO_AUTOMATED_EXCEPTION,IN_SCOPE,https://images.samsung.com/is/content/samsung/p6pim/us/wa51dg5505awus/energyguide/us-energyguide-wa51dg5505awus-550491912.pdf,LINKED_UNVERIFIED,120,5.1,PRESENT,PRESENT,PRESENT,WA51DG5505A*,,,NOT_CAPTURED,,,PRESENT,,"[Basis] No automated issues found
[Comparison]
  Model: OCR=WA51DG5505A*; PDP=WA51DG5505AWUS; assessment=not assessed"
106,세탁기,WA52DG5500AWUS,https://www.samsung.com/us/laundry/washers/top-load-wa5500d-top-load-large-capacity-super-speed-5-2-cu-ft-white-sku-wa52dg5500awus/,PASS,NO_AUTOMATED_EXCEPTION,IN_SCOPE,https://images.samsung.com/is/content/samsung/p6pim/us/wa52dg5500awus/energyguide/us-energyguide-wa52dg5500awus-550469969.pdf,LINKED_UNVERIFIED,120,5.2,PRESENT,PRESENT,PRESENT,WA52DG55**A*,,,NOT_CAPTURED,,,PRESENT,,"[Basis] No automated issues found
[Comparison]
  Model: OCR=WA52DG55**A*; PDP=WA52DG5500AWUS; assessment=not assessed"
107,세탁기,WA54CG7105AVUS,https://www.samsung.com/us/laundry/washers/top-load-wa7105c-top-load-large-capacity-activewave-agitator-5-4-cu-ft-brushed-black-sku-wa54cg7105avus/,LOW,PDP_ANNUAL_ENERGY_MISSING,IN_SCOPE,https://images.samsung.com/is/content/samsung/p6pim/us/wa54cg7105avus/energyguide/us-energyguide-wa54cg7105avus-550515789.pdf,LINKED_UNVERIFIED,120,5.4,PRESENT,PRESENT,PRESENT,WA54CG7105A*,,,NOT_CAPTURED,,,PRESENT,,"[Basis] PDP_ANNUAL_ENERGY_MISSING
[Comparison]
  Model: OCR=WA54CG7105A*; PDP=WA54CG7105AVUS; assessment=not assessed
[Mismatch] PDP_ANNUAL_ENERGY_MISSING
[Action] Verify and complete the PDP annual energy disclosure."
108,세탁기,WA54CG7105AWUS,https://www.samsung.com/us/laundry/washers/top-load-wa7105c-top-load-large-capacity-activewave-agitator-5-4-cu-ft-white-sku-wa54cg7105awus/,LOW,PDP_ANNUAL_ENERGY_MISSING,IN_SCOPE,https://images.samsung.com/is/content/samsung/p6pim/us/wa54cg7105awus/energyguide/us-energyguide-wa54cg7105awus-550515794.pdf,LINKED_UNVERIFIED,120,5.4,PRESENT,PRESENT,PRESENT,WA54CG7105A*,,,NOT_CAPTURED,,,PRESENT,,"[Basis] PDP_ANNUAL_ENERGY_MISSING
[Comparison]
  Model: OCR=WA54CG7105A*; PDP=WA54CG7105AWUS; assessment=not assessed
[Mismatch] PDP_ANNUAL_ENERGY_MISSING
[Action] Verify and complete the PDP annual energy disclosure."
109,세탁기,WA54CG7150ADA4,https://www.samsung.com/us/laundry/washers/top-load-wa7150c-top-load-pet-care-solution-large-capacity-5-4-cu-ft-brushed-navy-sku-wa54cg7150ada4/,PASS,NO_AUTOMATED_EXCEPTION,IN_SCOPE,https://images.samsung.com/is/content/samsung/p6pim/us/wa54cg7150ada4/energyguide/us-energyguide-wa54cg7150ada4-550480456.pdf,LINKED_UNVERIFIED,120,5.4,PRESENT,PRESENT,PRESENT,WA54CG755*A* · WA54CG715*A*,,,NOT_CAPTURED,,,PRESENT,,"[Basis] No automated issues found
[Comparison]
  Model: OCR=WA54CG755*A* · WA54CG715*A*; PDP=WA54CG7150ADA4; assessment=not assessed"
110,세탁기,WA55CG7100AVUS,https://www.samsung.com/us/laundry/washers/top-load-wa7100c-top-load-large-capacity-smartthings-5-5-cu-ft-brushed-black-sku-wa55cg7100avus/,PASS,NO_AUTOMATED_EXCEPTION,IN_SCOPE,https://images.samsung.com/is/content/samsung/p6pim/us/wa55cg7100avus/energyguide/us-energyguide-wa55cg7100avus-000.pdf,LINKED_UNVERIFIED,120,5.5,PRESENT,PRESENT,PRESENT,WA55CG71**A*,,,NOT_CAPTURED,,,PRESENT,,"[Basis] No automated issues found
[Comparison]
  Model: OCR=WA55CG71**A*; PDP=WA55CG7100AVUS; assessment=not assessed"
111,세탁기,WA55CG7100AWUS,https://www.samsung.com/us/laundry/washers/top-load-wa7100c-top-load-large-capacity-smartthings-5-5-cu-ft-white-sku-wa55cg7100awus/,PASS,NO_AUTOMATED_EXCEPTION,IN_SCOPE,https://images.samsung.com/is/content/samsung/p6pim/us/wa55cg7100awus/energyguide/us-energyguide-wa55cg7100awus-550492108.pdf,LINKED_UNVERIFIED,120,5.5,PRESENT,PRESENT,PRESENT,WA55CG71**A*,,,NOT_CAPTURED,,,PRESENT,,"[Basis] No automated issues found
[Comparison]
  Model: OCR=WA55CG71**A*; PDP=WA55CG7100AWUS; assessment=not assessed"
112,세탁기,WA55CG7500AEUS,https://www.samsung.com/us/laundry/washers/top-load-wa7500c-auto-dispense-large-capacity-5-5-cu-ft-ivory-sku-wa55cg7500aeus/,PASS,NO_AUTOMATED_EXCEPTION,IN_SCOPE,https://images.samsung.com/is/content/samsung/p6pim/us/wa55cg7500aeus/energyguide/us-energyguide-wa55cg7500aeus-550515983.pdf,LINKED_UNVERIFIED,120,5,PRESENT,PRESENT,PRESENT,WA55CG75**A* · WA55CG71**A*,,,NOT_CAPTURED,,,PRESENT,,"[Basis] No automated issues found
[Comparison]
  Model: OCR=WA55CG75**A* · WA55CG71**A*; PDP=WA55CG7500AEUS; assessment=not assessed"
113,세탁기,WD53DBA900HBA1,https://www.samsung.com/us/laundry/washer-and-dryer-sets/all-in-one-washer-dryer-combo-bespoke-ai-laundry-ventless-combo-super-speed-5-3-cu-ft-brushed-black-sku-wd53dba900hba1/,PASS,NO_AUTOMATED_EXCEPTION,IN_SCOPE,https://images.samsung.com/is/content/samsung/p6pim/us/wd53dba900hba1/energyguide/us-energyguide-wd53dba900hba1-550443768.pdf,LINKED_UNVERIFIED,103,5.3,PRESENT,PRESENT,PRESENT,WD53DBA9**H* · DC68-04515A-00,,,NOT_CAPTURED,,,PRESENT,,"[Basis] No automated issues found
[Comparison]
  Model: OCR=WD53DBA9**H* · DC68-04515A-00; PDP=WD53DBA900HBA1; assessment=not assessed"
114,세탁기,WD53DBA900HYA1,https://www.samsung.com/us/laundry/washer-and-dryer-sets/5-3-cu-ft-bespoke-ai-laundry-ventless-heat-pump-dryer-combo-heat-pump-dryer-all-in-one-ultra-capacity-washer-with-ai-home-in-ivory-sku-wd53dba900hya1/,PASS,NO_AUTOMATED_EXCEPTION,IN_SCOPE,https://images.samsung.com/is/content/samsung/p6pim/us/wd53dba900hya1/energyguide/us-energyguide-wd53dba900hya1-551311128.pdf,LINKED_UNVERIFIED,103,5.3,PRESENT,PRESENT,PRESENT,WD53DBA9**H* · DC68-04515A-00,,,NOT_CAPTURED,,,PRESENT,,"[Basis] No automated issues found
[Comparison]
  Model: OCR=WD53DBA9**H* · DC68-04515A-00; PDP=WD53DBA900HYA1; assessment=not assessed"
115,세탁기,WD53DBA900HZA1,https://www.samsung.com/us/laundry/washer-and-dryer-sets/all-in-one-washer-dryer-combo-bespoke-ai-laundry-ventless-combo-super-speed-5-3-cu-ft-dark-steel-sku-wd53dba900hza1/,PASS,NO_AUTOMATED_EXCEPTION,IN_SCOPE,https://images.samsung.com/is/content/samsung/p6pim/us/wd53dba900hza1/energyguide/us-energyguide-wd53dba900hza1-550443770.pdf,LINKED_UNVERIFIED,103,5.3,PRESENT,PRESENT,PRESENT,WD53DBA9**H* · DC68-04515A-00,,,NOT_CAPTURED,,,PRESENT,,"[Basis] No automated issues found
[Comparison]
  Model: OCR=WD53DBA9**H* · DC68-04515A-00; PDP=WD53DBA900HZA1; assessment=not assessed"
116,세탁기,WD90F53AVBUS,https://www.samsung.com/us/laundry/washer-and-dryer-sets/all-in-one-washer-dryer-combo-wd90f27v-bespoke-ai-laundry-combo-vented-all-in-one-ultra-capacity-washer-and-electric-dryer-with-ai-home-5-3-cu-ft-brushed-black-sku-wd90f53avbus/,PASS,NO_AUTOMATED_EXCEPTION,IN_SCOPE,https://images.samsung.com/is/content/samsung/p6pim/us/wd90f53avbus/energyguide/us-energyguide-wd90f53avbus-550443963.pdf,LINKED_UNVERIFIED,103,5.3,PRESENT,PRESENT,PRESENT,WD90F53AV* · DC68-04592A-00,,,NOT_CAPTURED,,,PRESENT,,"[Basis] No automated issues found
[Comparison]
  Model: OCR=WD90F53AV* · DC68-04592A-00; PDP=WD90F53AVBUS; assessment=not assessed"
117,세탁기,WD90F53AVSUS,https://www.samsung.com/us/laundry/washer-and-dryer-sets/all-in-one-washer-dryer-combo-wd90f27v-bespoke-ai-laundry-combo-vented-all-in-one-ultra-capacity-washer-and-electric-dryer-with-ai-home-5-3-cu-ft-dark-steel-sku-wd90f53avsus/,PASS,NO_AUTOMATED_EXCEPTION,IN_SCOPE,https://images.samsung.com/is/content/samsung/p6pim/us/wd90f53avsus/energyguide/us-energyguide-wd90f53avsus-550443967.pdf,LINKED_UNVERIFIED,103,5.3,PRESENT,PRESENT,PRESENT,WD90F53AV* · DC68-04592A-00,,,NOT_CAPTURED,,,PRESENT,,"[Basis] No automated issues found
[Comparison]
  Model: OCR=WD90F53AV* · DC68-04592A-00; PDP=WD90F53AVSUS; assessment=not assessed"
118,세탁기,WD90F53AVYUS,https://www.samsung.com/us/laundry/washer-and-dryer-sets/all-in-one-washer-dryer-combo-bespoke-ai-laundry-combo-vented-all-in-one-ultra-capacity-washer-and-electric-dryer-with-ai-home-5-3-cu-ft-ivory-sku-wd90f53avyus/,PASS,NO_AUTOMATED_EXCEPTION,IN_SCOPE,https://images.samsung.com/is/content/samsung/p6pim/us/wd90f53avyus/energyguide/us-energyguide-wd90f53avyus-551754496.pdf,LINKED_UNVERIFIED,103,5.3,PRESENT,PRESENT,PRESENT,WD90F53AV* · DC68-04592A-00,,,NOT_CAPTURED,,,PRESENT,,"[Basis] No automated issues found
[Comparison]
  Model: OCR=WD90F53AV* · DC68-04592A-00; PDP=WD90F53AVYUS; assessment=not assessed"
119,세탁기,WF45B6300AP/US,https://www.samsung.com/us/laundry/washers/front-load-wf6300b-front-loading-washer-superspeed-large-capacity-4-5-cu-ft-flexible-installation-4-5-cu-ft-platinum-sku-wf45b6300ap-us/,PASS,NO_AUTOMATED_EXCEPTION,IN_SCOPE,https://images.samsung.com/is/content/samsung/p6pim/us/wf45b6300ap-us/energyguide/us-energyguide-wf45b6300ap-us-550491572.pdf,LINKED_UNVERIFIED,93,4.5,PRESENT,PRESENT,PRESENT,WF45B63**A* · DC68-04261W-00,,,NOT_CAPTURED,,,PRESENT,,"[Basis] No automated issues found
[Comparison]
  Model: OCR=WF45B63**A* · DC68-04261W-00; PDP=WF45B6300AP/US; assessment=not assessed"
120,세탁기,WF45B6300AW/US,https://www.samsung.com/us/laundry/washers/front-load-wf6300b-front-loading-washer-superspeed-large-capacity-4-5-cu-ft-flexible-installation-4-5-cu-ft-white-sku-wf45b6300aw-us/,PASS,NO_AUTOMATED_EXCEPTION,IN_SCOPE,https://images.samsung.com/is/content/samsung/p6pim/us/wf45b6300aw-us/energyguide/us-energyguide-wf45b6300aw-us-550491558.pdf,LINKED_UNVERIFIED,93,4.5,PRESENT,PRESENT,PRESENT,WF45B63**A* · DC68-04261W-00,,,NOT_CAPTURED,,,PRESENT,,"[Basis] No automated issues found
[Comparison]
  Model: OCR=WF45B63**A* · DC68-04261W-00; PDP=WF45B6300AW/US; assessment=not assessed"
121,세탁기,WF45T6000AV/A5,https://www.samsung.com/us/laundry/washers/front-load-wf6000r-front-loading-super-speed-4-5-cu-ft-black-sku-wf45t6000av-a5/,PASS,NO_AUTOMATED_EXCEPTION,IN_SCOPE,https://images.samsung.com/is/content/samsung/p6pim/us/wf45t6000av-a5/energyguide/us-energyguide-wf45t6000av-a5-550491562.pdf,LINKED_UNVERIFIED,90,4.5,PRESENT,PRESENT,PRESENT,WF45T60**A* · DC68-04261Z-00,,,NOT_CAPTURED,,,PRESENT,,"[Basis] No automated issues found
[Comparison]
  Model: OCR=WF45T60**A* · DC68-04261Z-00; PDP=WF45T6000AV/A5; assessment=not assessed"
122,세탁기,WF45T6000AW/A5,https://www.samsung.com/us/laundry/washers/front-load-wf6000r-front-loading-super-speed-4-5-cu-ft-white-sku-wf45t6000aw-a5/,PASS,NO_AUTOMATED_EXCEPTION,IN_SCOPE,https://images.samsung.com/is/content/samsung/p6pim/us/wf45t6000aw-a5/energyguide/us-energyguide-wf45t6000aw-a5-550491557.pdf,LINKED_UNVERIFIED,90,4.5,PRESENT,PRESENT,PRESENT,WF45T60**A* · DC68-04261Z-00,,,NOT_CAPTURED,,,PRESENT,,"[Basis] No automated issues found
[Comparison]
  Model: OCR=WF45T60**A* · DC68-04261Z-00; PDP=WF45T6000AW/A5; assessment=not assessed"
123,세탁기,WF50BG8300AEUS,https://www.samsung.com/us/laundry/washers/front-load-wf8300b-front-loading-large-capacity-super-speed-energy-star-certified-5-cu-ft-ivory-sku-wf50bg8300aeus/,PASS,NO_AUTOMATED_EXCEPTION,IN_SCOPE,https://images.samsung.com/is/content/samsung/p6pim/us/wf50bg8300aeus/energyguide/us-energyguide-wf50bg8300aeus-550491467.pdf,LINKED_UNVERIFIED,99,5,PRESENT,PRESENT,PRESENT,WF50BG83**A* · WF50A86**A* · DC68-04261S-00,,,NOT_CAPTURED,,,PRESENT,,"[Basis] No automated issues found
[Comparison]
  Model: OCR=WF50BG83**A* · WF50A86**A* · DC68-04261S-00; PDP=WF50BG8300AEUS; assessment=not assessed"
124,세탁기,WF50BG8300AVUS,https://www.samsung.com/us/laundry/washers/front-load-wf8300b-front-loading-large-capacity-super-speed-energy-star-certified-5-cu-ft-brushed-black-sku-wf50bg8300avus/,PASS,NO_AUTOMATED_EXCEPTION,IN_SCOPE,https://images.samsung.com/is/content/samsung/p6pim/us/wf50bg8300avus/energyguide/us-energyguide-wf50bg8300avus-550500226.pdf,LINKED_UNVERIFIED,99,5,PRESENT,PRESENT,PRESENT,WF50BG83**A* · WF50A86**A* · DC68-04261S-00,,,NOT_CAPTURED,,,PRESENT,,"[Basis] No automated issues found
[Comparison]
  Model: OCR=WF50BG83**A* · WF50A86**A* · DC68-04261S-00; PDP=WF50BG8300AVUS; assessment=not assessed"
125,세탁기,WF53BB8700AVUS,https://www.samsung.com/us/laundry/washers/front-load-wf8700b-front-loading-bespoke-design-5-3-cu-ft-ultra-capacity-5-3-cu-ft-brushed-black-sku-wf53bb8700avus/,PASS,NO_AUTOMATED_EXCEPTION,IN_SCOPE,https://images.samsung.com/is/content/samsung/p6pim/us/wf53bb8700avus/energyguide/us-energyguide-wf53bb8700avus-550491577.pdf,LINKED_UNVERIFIED,103,5.3,PRESENT,PRESENT,PRESENT,WF53BB89**A* · WF53BB87**A* · WF53BB89**A*/ · DC68-04261X-00,,,NOT_CAPTURED,,,PRESENT,,"[Basis] No automated issues found
[Comparison]
  Model: OCR=WF53BB89**A* · WF53BB87**A* · WF53BB89**A*/ · DC68-04261X-00; PDP=WF53BB8700AVUS; assessment=not assessed"
126,세탁기,WF53BB8900ADUS,https://www.samsung.com/us/laundry/washers/front-load-wf8900b-front-loading-bespoke-design-5-3-cu-ft-ultra-capacity-5-3-cu-ft-brushed-navy-sku-wf53bb8900adus/,PASS,NO_AUTOMATED_EXCEPTION,IN_SCOPE,https://images.samsung.com/is/content/samsung/p6pim/us/wf53bb8900adus/energyguide/us-energyguide-wf53bb8900adus-550491451.pdf,LINKED_UNVERIFIED,103,7.5,PRESENT,PRESENT,PRESENT,WF53BB89**A* · WF53BB87**A* · WF53BB89**A*/ · DC68-04261X-00,,,NOT_CAPTURED,,,PRESENT,,"[Basis] No automated issues found
[Comparison]
  Model: OCR=WF53BB89**A* · WF53BB87**A* · WF53BB89**A*/ · DC68-04261X-00; PDP=WF53BB8900ADUS; assessment=not assessed"
127,세탁기,WF90F53ADSA5,https://www.samsung.com/us/laundry/washers/front-load-wf90f27-front-loading-ai-home-ai-optiwash-plus-ultra-capacity-5-3-cu-ft-dark-steel-sku-wf90f53adsa5/,LOW,PDP_ANNUAL_ENERGY_MISSING,IN_SCOPE,https://images.samsung.com/is/content/samsung/p6pim/us/wf90f53adsa5/energyguide/us-energyguide-wf90f53adsa5-554563643.pdf,LINKED_UNVERIFIED,,5.3,PRESENT,PRESENT,PRESENT,WF90F53*D* · DC68-04096U-OO · DC68-04096U-00,,,NOT_CAPTURED,,,PRESENT,,"[Basis] PDP_ANNUAL_ENERGY_MISSING
[Comparison]
  Model: OCR=WF90F53*D* · DC68-04096U-OO · DC68-04096U-00; PDP=WF90F53ADSA5; assessment=not assessed
[Mismatch] PDP_ANNUAL_ENERGY_MISSING
[Action] Verify and complete the PDP annual energy disclosure."
128,세탁기,WF90F53ADYA5,https://www.samsung.com/us/laundry/washers/front-load-wf90f27-front-loading-ai-home-ai-optiwash-plus-ultra-capacity-5-3-cu-ft-ivory-sku-wf90f53adya5/,LOW,"ENERGY_STAR_PUBLICATION_INCONSISTENT, PDP_ANNUAL_ENERGY_MISSING",IN_SCOPE,https://images.samsung.com/is/content/samsung/p6pim/us/wf90f53adya5/energyguide/us-energyguide-wf90f53adya5-554563649.pdf,LINKED_UNVERIFIED,,5.3,ABSENT,ABSENT,PRESENT,WF90F53*D* · DC68-04096U-OO · DC68-04096U-00,,,NOT_CAPTURED,,,PRESENT,,"[Basis] ENERGY_STAR_PUBLICATION_INCONSISTENT, PDP_ANNUAL_ENERGY_MISSING
[Comparison]
  Model: OCR=WF90F53*D* · DC68-04096U-OO · DC68-04096U-00; PDP=WF90F53ADYA5; assessment=not assessed
[Mismatch] ENERGY_STAR_PUBLICATION_INCONSISTENT, PDP_ANNUAL_ENERGY_MISSING
[Action] Align ENERGY STAR claims across PDP, PLP and specifications. Verify and complete the PDP annual energy disclosure."
129,세탁기,WH46DBH100EWA3,https://www.samsung.com/us/laundry/washer-and-dryer-sets/stacked-washer-and-dryer-bespoke-4-6-cu-ft-ai-laundry-hub-large-capacity-single-unit-washer-with-steam-wash-and-7-6-cu-ft-electric-dryer-in-white-sku-wh46dbh100ewa3/,PASS,NO_AUTOMATED_EXCEPTION,IN_SCOPE,https://images.samsung.com/is/content/samsung/p6pim/us/wh46dbh100ewa3/energyguide/us-energyguide-wh46dbh100ewa3-550160675.pdf,LINKED_UNVERIFIED,94,7.6,PRESENT,PRESENT,PRESENT,WH46DBH1**E* · WH46DBH1**G*,,,NOT_CAPTURED,,,PRESENT,,"[Basis] No automated issues found
[Comparison]
  Model: OCR=WH46DBH1**E* · WH46DBH1**G*; PDP=WH46DBH100EWA3; assessment=not assessed"
130,세탁기,WH46DBH100GWA3,https://www.samsung.com/us/laundry/washer-and-dryer-sets/bespoke-4-6-cu-ft-ai-laundry-hub-large-capacity-single-unit-washer-with-steam-wash-and-7-6-cu-ft-gas-dryer-in-white-sku-wh46dbh100gwa3/,PASS,NO_AUTOMATED_EXCEPTION,IN_SCOPE,https://images.samsung.com/is/content/samsung/p6pim/us/wh46dbh100gwa3/energyguide/us-energyguide-wh46dbh100gwa3-550468704.pdf,LINKED_UNVERIFIED,94,7.6,PRESENT,PRESENT,PRESENT,WH46DBH1**E* · WH46DBH1**G*,,,NOT_CAPTURED,,,PRESENT,,"[Basis] No automated issues found
[Comparison]
  Model: OCR=WH46DBH1**E* · WH46DBH1**G*; PDP=WH46DBH100GWA3; assessment=not assessed"
131,세탁기,WH46DBH500EVA3,https://www.samsung.com/us/laundry/washer-and-dryer-sets/stacked-washer-and-dryer-bespoke-4-6-cu-ft-ai-laundry-hub-large-capacity-single-unit-washer-with-flex-auto-dispense-system-and-7-6-cu-ft-electric-dryer-in-brushed-black-sku-wh46dbh500eva3/,MEDIUM,ANNUAL_ENERGY_MISMATCH,IN_SCOPE,https://images.samsung.com/is/content/samsung/p6pim/us/wh46dbh500eva3/energyguide/us-energyguide-wh46dbh500eva3-554563680.pdf,LINKED_UNVERIFIED,103,5.3,PRESENT,PRESENT,PRESENT,WH46DBH50*E* · WH46DBH55*E* · WH46DBH5**G*,,,NOT_CAPTURED,,,PRESENT,,"[Basis] ANNUAL_ENERGY_MISMATCH
[Comparison]
  Model: OCR=WH46DBH50*E* · WH46DBH55*E* · WH46DBH5**G*; PDP=WH46DBH500EVA3; assessment=not assessed
[Mismatch] ANNUAL_ENERGY_MISMATCH
[Action] Compare PDP, EnergyGuide and EPA annual kWh values and correct the differing value."
132,세탁기,WH46DBH500GVA3,https://www.samsung.com/us/laundry/washer-and-dryer-sets/stacked-washer-and-dryer-bespoke-4-6-cu-ft-ai-laundry-hub-large-capacity-single-unit-washer-with-flex-auto-dispense-system-and-7-6-cu-ft-gas-dryer-in-brushed-black-sku-wh46dbh500gva3/,MEDIUM,ANNUAL_ENERGY_MISMATCH,IN_SCOPE,https://images.samsung.com/is/content/samsung/p6pim/us/wh46dbh500gva3/energyguide/us-energyguide-wh46dbh500gva3-554563726.pdf,LINKED_UNVERIFIED,103,5.3,PRESENT,PRESENT,PRESENT,WH46DBH50*E* · WH46DBH55*E* · WH46DBH5**G*,,,NOT_CAPTURED,,,PRESENT,,"[Basis] ANNUAL_ENERGY_MISMATCH
[Comparison]
  Model: OCR=WH46DBH50*E* · WH46DBH55*E* · WH46DBH5**G*; PDP=WH46DBH500GVA3; assessment=not assessed
[Mismatch] ANNUAL_ENERGY_MISMATCH
[Action] Compare PDP, EnergyGuide and EPA annual kWh values and correct the differing value."
133,세탁기,WW25FG6B34BEA2,https://www.samsung.com/us/laundry/washers/front-load-2-5-cu-ft-smart-dial-compact-washer-in-white-sku-ww25fg6b34bea2/,LOW,PDP_ANNUAL_ENERGY_MISSING,IN_SCOPE,https://images.samsung.com/is/content/samsung/p6pim/us/ww25fg6b34bea2/energyguide/us-energyguide-ww25fg6b34bea2-551083880.pdf,LINKED_UNVERIFIED,2.25,2.5,PRESENT,PRESENT,PRESENT,WW25FG6B**** · WW25FG5B****,,,NOT_CAPTURED,,,PRESENT,,"[Basis] PDP_ANNUAL_ENERGY_MISSING
[Comparison]
  Model: OCR=WW25FG6B**** · WW25FG5B****; PDP=WW25FG6B34BEA2; assessment=not assessed
[Mismatch] PDP_ANNUAL_ENERGY_MISSING
[Action] Verify and complete the PDP annual energy disclosure."
134,레인지,NE63A6111SS/AA,https://www.samsung.com/us/cooking-appliances/ranges/6-3-cu-ft-smart-freestanding-electric-range-with-steam-clean-in-stainless-steel-sku-ne63a6111ss-aa/,PASS,NO_AUTOMATED_EXCEPTION,IN_SCOPE,,MISSING,,,ABSENT,ABSENT,NOT_APPLICABLE,,,,NOT_CAPTURED,,,ABSENT,,[Basis] No automated issues found
135,레인지,NE63A6311SS/AA,https://www.samsung.com/us/cooking-appliances/ranges/6-3-cu-ft-smart-freestanding-electric-range-with-rapid-boil-self-clean-in-stainless-steel-sku-ne63a6311ss-aa/,PASS,NO_AUTOMATED_EXCEPTION,IN_SCOPE,,MISSING,,,ABSENT,ABSENT,NOT_APPLICABLE,,,,NOT_CAPTURED,,,ABSENT,,[Basis] No automated issues found
136,레인지,NE63A6511SG/AA,https://www.samsung.com/us/cooking-appliances/ranges/6-3-cu-ft-smart-freestanding-electric-range-with-no-preheat-air-fry-convection-in-black-stainless-steel-sku-ne63a6511sg-aa/,PASS,NO_AUTOMATED_EXCEPTION,IN_SCOPE,,MISSING,,,ABSENT,ABSENT,NOT_APPLICABLE,,,,NOT_CAPTURED,,,ABSENT,,[Basis] No automated issues found
137,레인지,NE63A6511SS/AA,https://www.samsung.com/us/cooking-appliances/ranges/6-3-cu-ft-smart-freestanding-electric-range-with-no-preheat-air-fry-convection-in-stainless-steel-sku-ne63a6511ss-aa/,PASS,NO_AUTOMATED_EXCEPTION,IN_SCOPE,,MISSING,,6.3,ABSENT,ABSENT,NOT_APPLICABLE,,,,NOT_CAPTURED,,,ABSENT,,[Basis] No automated issues found
138,레인지,NE63A6751SG/AA,https://www.samsung.com/us/cooking-appliances/ranges/6-3-cu-ft-smart-freestanding-electric-range-with-flex-duo-no-preheat-air-fry-griddle-in-black-stainless-steel-sku-ne63a6751sg-aa/,PASS,NO_AUTOMATED_EXCEPTION,IN_SCOPE,,MISSING,,,ABSENT,ABSENT,NOT_APPLICABLE,,,,NOT_CAPTURED,,,ABSENT,,[Basis] No automated issues found
139,레인지,NE63A6751SS/AA,https://www.samsung.com/us/cooking-appliances/ranges/6-3-cu-ft-smart-freestanding-electric-range-with-flex-duo-no-preheat-air-fry-griddle-in-stainless-steel-sku-ne63a6751ss-aa/,PASS,NO_AUTOMATED_EXCEPTION,IN_SCOPE,,MISSING,,,ABSENT,ABSENT,NOT_APPLICABLE,,,,NOT_CAPTURED,,,ABSENT,,[Basis] No automated issues found
140,레인지,NSE6DB830012AA,https://www.samsung.com/us/cooking-appliances/ranges/bespoke-6-3-cu-ft-smart-slide-in-electric-range-with-air-fry-precision-knobs-in-white-glass-sku-nse6db830012aa/,PASS,NO_AUTOMATED_EXCEPTION,IN_SCOPE,,MISSING,,,ABSENT,ABSENT,NOT_APPLICABLE,,,,NOT_CAPTURED,,,ABSENT,,[Basis] No automated issues found
141,레인지,NSE6DB850212AA,https://www.samsung.com/us/cooking-appliances/ranges/bespoke-6-3-cu-ft-smart-slide-in-energy-star-certified-electric-range-with-air-fry-in-white-glass-sku-nse6db850212aa/,PASS,NO_AUTOMATED_EXCEPTION,IN_SCOPE,,MISSING,,,PRESENT,PRESENT,PRESENT,,,,NOT_CAPTURED,,,PRESENT,,[Basis] No automated issues found
142,레인지,NSE6DB870012AA,https://www.samsung.com/us/cooking-appliances/ranges/bespoke-6-3-cu-ft-smart-slide-in-electric-range-with-smart-oven-camera-illuminated-precision-knobs-in-white-glass-sku-nse6db870012aa/,PASS,NO_AUTOMATED_EXCEPTION,IN_SCOPE,,MISSING,,,ABSENT,ABSENT,NOT_APPLICABLE,,,,NOT_CAPTURED,,,ABSENT,,[Basis] No automated issues found
143,레인지,NSE6DG8100SRAA,https://www.samsung.com/us/cooking-appliances/ranges/bespoke-6-3-cu-ft-smart-slide-in-electric-range-with-precision-knobs-in-stainless-steel-sku-nse6dg8100sraa/,PASS,NO_AUTOMATED_EXCEPTION,IN_SCOPE,,MISSING,,,ABSENT,ABSENT,NOT_APPLICABLE,,,,NOT_CAPTURED,,,ABSENT,,[Basis] No automated issues found
144,레인지,NSE6DG8300SRAA,https://www.samsung.com/us/cooking-appliances/ranges/bespoke-6-3-cu-ft-smart-slide-in-electric-range-with-air-fry-precision-knobs-in-stainless-steel-sku-nse6dg8300sraa/,PASS,NO_AUTOMATED_EXCEPTION,IN_SCOPE,,MISSING,,,ABSENT,ABSENT,NOT_APPLICABLE,,,,NOT_CAPTURED,,,ABSENT,,[Basis] No automated issues found
145,레인지,NSE6DG8502MTAA,https://www.samsung.com/us/cooking-appliances/ranges/bespoke-6-3-cu-ft-smart-slide-in-energy-star-certified-electric-range-with-air-fry-in-matte-black-steel-sku-nse6dg8502mtaa/,PASS,NO_AUTOMATED_EXCEPTION,IN_SCOPE,,MISSING,,,PRESENT,PRESENT,PRESENT,,,,NOT_CAPTURED,,,PRESENT,,[Basis] No automated issues found
146,레인지,NSE6DG8502SRAA,https://www.samsung.com/us/cooking-appliances/ranges/bespoke-6-3-cu-ft-smart-slide-in-energy-star-certified-electric-range-with-air-fry-in-stainless-steel-sku-nse6dg8502sraa/,PASS,NO_AUTOMATED_EXCEPTION,IN_SCOPE,,MISSING,,,PRESENT,PRESENT,PRESENT,,,,NOT_CAPTURED,,,PRESENT,,[Basis] No automated issues found
147,레인지,NSE6DG8550SRAA,https://www.samsung.com/us/cooking-appliances/ranges/bespoke-smart-slide-in-electric-range-6-3-cu-ft-with-flex-duo-illuminated-precision-knobs-in-stainless-steel-sku-nse6dg8550sraa/,PASS,NO_AUTOMATED_EXCEPTION,IN_SCOPE,,MISSING,,,PRESENT,PRESENT,PRESENT,,,,NOT_CAPTURED,,,PRESENT,,[Basis] No automated issues found
148,레인지,NSE6DG8700SRAA,https://www.samsung.com/us/cooking-appliances/ranges/bespoke-6-3-cu-ft-smart-slide-in-electric-range-with-smart-oven-camera-illuminated-precision-knobs-in-stainless-steel-sku-nse6dg8700sraa/,PASS,NO_AUTOMATED_EXCEPTION,IN_SCOPE,,MISSING,,,ABSENT,ABSENT,NOT_APPLICABLE,,,,NOT_CAPTURED,,,ABSENT,,[Basis] No automated issues found
149,레인지,NSE70H63SRAA,https://www.samsung.com/us/cooking-appliances/ranges/bespoke-smart-slide-in-electric-range-with-no-preheat-air-fry-max-in-stainless-steel-sku-nse70h63sraa/,PASS,NO_AUTOMATED_EXCEPTION,IN_SCOPE,,MISSING,,6.3,PRESENT,PRESENT,PRESENT,,,,NOT_CAPTURED,,,PRESENT,,[Basis] No automated issues found
150,레인지,NSE80H63SEAA,https://www.samsung.com/us/cooking-appliances/ranges/bespoke-smart-slide-in-electric-range-with-no-preheat-air-fry-max-and-true-convection-in-matte-black-steel-sku-nse80h63seaa/,LOW,SAMSUNG_ENERGY_STAR_SOURCE_CONFLICT,IN_SCOPE,,MISSING,,,ABSENT,ABSENT,PRESENT,,,,NOT_CAPTURED,,,PRESENT,,"[Basis] SAMSUNG_ENERGY_STAR_SOURCE_CONFLICT
[Mismatch] SAMSUNG_ENERGY_STAR_SOURCE_CONFLICT
[Action] Align ENERGY STAR claims across PDP, PLP and specifications."
151,레인지,NSE80H63SRAA,https://www.samsung.com/us/cooking-appliances/ranges/bespoke-smart-slide-in-electric-range-with-no-preheat-air-fry-max-and-true-convection-in-stainless-steel-sku-nse80h63sraa/,LOW,SAMSUNG_ENERGY_STAR_SOURCE_CONFLICT,IN_SCOPE,,MISSING,,,ABSENT,ABSENT,PRESENT,,,,NOT_CAPTURED,,,PRESENT,,"[Basis] SAMSUNG_ENERGY_STAR_SOURCE_CONFLICT
[Mismatch] SAMSUNG_ENERGY_STAR_SOURCE_CONFLICT
[Action] Align ENERGY STAR claims across PDP, PLP and specifications."
152,레인지,NSE80H63SWAA,https://www.samsung.com/us/cooking-appliances/ranges/bespoke-smart-slide-in-electric-range-with-no-preheat-air-fry-max-and-true-convection-in-white-glass-sku-nse80h63swaa/,LOW,SAMSUNG_ENERGY_STAR_SOURCE_CONFLICT,IN_SCOPE,,MISSING,,,ABSENT,ABSENT,PRESENT,,,,NOT_CAPTURED,,,PRESENT,,"[Basis] SAMSUNG_ENERGY_STAR_SOURCE_CONFLICT
[Mismatch] SAMSUNG_ENERGY_STAR_SOURCE_CONFLICT
[Action] Align ENERGY STAR claims across PDP, PLP and specifications."
153,레인지,NSE80H63XRAA,https://www.samsung.com/us/cooking-appliances/ranges/bespoke-smart-slide-in-electric-range-with-no-preheat-air-fry-max-and-true-convection-in-stainless-steel-sku-nse80h63xraa/,PASS,NO_AUTOMATED_EXCEPTION,IN_SCOPE,,MISSING,,,PRESENT,PRESENT,PRESENT,,,,NOT_CAPTURED,,,PRESENT,,[Basis] No automated issues found
154,레인지,NSE90H63DRAA,https://www.samsung.com/us/cooking-appliances/ranges/bespoke-smart-slide-in-electric-range-with-flex-duo-oven-and-dual-true-convection-in-stainless-steel-sku-nse90h63draa/,LOW,SAMSUNG_ENERGY_STAR_SOURCE_CONFLICT,IN_SCOPE,,MISSING,,3.4,ABSENT,ABSENT,PRESENT,,,,NOT_CAPTURED,,,PRESENT,,"[Basis] SAMSUNG_ENERGY_STAR_SOURCE_CONFLICT
[Mismatch] SAMSUNG_ENERGY_STAR_SOURCE_CONFLICT
[Action] Align ENERGY STAR claims across PDP, PLP and specifications."
155,레인지,NSE90H63SRAA,https://www.samsung.com/us/cooking-appliances/ranges/bespoke-smart-slide-in-electric-range-with-illuminated-precision-knobs-and-no-preheat-air-fry-max-in-stainless-steel-sku-nse90h63sraa/,PASS,NO_AUTOMATED_EXCEPTION,IN_SCOPE,,MISSING,,6.3,PRESENT,PRESENT,PRESENT,,,,NOT_CAPTURED,,,PRESENT,,[Basis] No automated issues found
156,레인지,NSE90H63SWAA,https://www.samsung.com/us/cooking-appliances/ranges/bespoke-smart-slide-in-electric-range-with-illuminated-precision-knobs-and-no-preheat-air-fry-max-in-white-glass-sku-nse90h63swaa/,PASS,NO_AUTOMATED_EXCEPTION,IN_SCOPE,,MISSING,,6.3,PRESENT,PRESENT,PRESENT,,,,NOT_CAPTURED,,,PRESENT,,[Basis] No automated issues found
157,레인지,NSG6DB830012AA,https://www.samsung.com/us/cooking-appliances/ranges/bespoke-6-0-cu-ft-smart-slide-in-gas-range-with-air-fry-precision-knobs-in-white-glass-sku-nsg6db830012aa/,PASS,NO_AUTOMATED_EXCEPTION,IN_SCOPE,,MISSING,,,ABSENT,ABSENT,NOT_APPLICABLE,,,,NOT_CAPTURED,,,ABSENT,,[Basis] No automated issues found
158,레인지,NSG6DB850012AA,https://www.samsung.com/us/cooking-appliances/ranges/bespoke-6-0-cu-ft-smart-slide-in-gas-range-with-air-sous-vide-air-fry-in-white-glass-sku-nsg6db850012aa/,PASS,NO_AUTOMATED_EXCEPTION,IN_SCOPE,,MISSING,,,ABSENT,ABSENT,NOT_APPLICABLE,,,,NOT_CAPTURED,,,ABSENT,,[Basis] No automated issues found
159,레인지,NSG6DB870012AA,https://www.samsung.com/us/cooking-appliances/ranges/bespoke-6-0-cu-ft-smart-slide-in-gas-range-with-smart-oven-camera-illuminated-precision-knobs-in-white-glass-sku-nsg6db870012aa/,PASS,NO_AUTOMATED_EXCEPTION,IN_SCOPE,,MISSING,,6,ABSENT,ABSENT,NOT_APPLICABLE,,,,NOT_CAPTURED,,,ABSENT,,[Basis] No automated issues found
160,레인지,NSG6DG8100MTAA,https://www.samsung.com/us/cooking-appliances/ranges/bespoke-6-0-cu-ft-smart-slide-in-gas-range-with-precision-knobs-in-matte-black-steel-sku-nsg6dg8100mtaa/,PASS,NO_AUTOMATED_EXCEPTION,IN_SCOPE,,MISSING,,,ABSENT,ABSENT,NOT_APPLICABLE,,,,NOT_CAPTURED,,,ABSENT,,[Basis] No automated issues found
161,레인지,NSG6DG8100SRAA,https://www.samsung.com/us/cooking-appliances/ranges/bespoke-6-0-cu-ft-smart-slide-in-gas-range-with-precision-knobs-in-stainless-steel-sku-nsg6dg8100sraa/,PASS,NO_AUTOMATED_EXCEPTION,IN_SCOPE,,MISSING,,,ABSENT,ABSENT,NOT_APPLICABLE,,,,NOT_CAPTURED,,,ABSENT,,[Basis] No automated issues found
162,레인지,NSG6DG8300SRAA,https://www.samsung.com/us/cooking-appliances/ranges/bespoke-6-0-cu-ft-smart-slide-in-gas-range-with-air-fry-precision-knobs-in-stainless-steel-sku-nsg6dg8300sraa/,PASS,NO_AUTOMATED_EXCEPTION,IN_SCOPE,,MISSING,,,ABSENT,ABSENT,NOT_APPLICABLE,,,,NOT_CAPTURED,,,ABSENT,,[Basis] No automated issues found
163,레인지,NSG6DG8500MTAA,https://www.samsung.com/us/cooking-appliances/ranges/bespoke-6-0-cu-ft-smart-slide-in-gas-range-with-air-sous-vide-air-fry-in-matte-black-sku-nsg6dg8500mtaa/,PASS,NO_AUTOMATED_EXCEPTION,IN_SCOPE,,MISSING,,,ABSENT,ABSENT,NOT_APPLICABLE,,,,NOT_CAPTURED,,,ABSENT,,[Basis] No automated issues found
164,레인지,NSG6DG8500SRAA,https://www.samsung.com/us/cooking-appliances/ranges/bespoke-6-0-cu-ft-smart-slide-in-gas-range-with-air-sous-vide-air-fry-in-stainless-steel-sku-nsg6dg8500sraa/,PASS,NO_AUTOMATED_EXCEPTION,IN_SCOPE,,MISSING,,,ABSENT,ABSENT,NOT_APPLICABLE,,,,NOT_CAPTURED,,,ABSENT,,[Basis] No automated issues found
165,레인지,NSG6DG8550SRAA,https://www.samsung.com/us/cooking-appliances/ranges/bespoke-smart-slide-in-gas-range-6-0-cu-ft-with-flex-duo-illuminated-precision-knobs-in-stainless-steel-sku-nsg6dg8550sraa/,PASS,NO_AUTOMATED_EXCEPTION,IN_SCOPE,,MISSING,,,ABSENT,ABSENT,NOT_APPLICABLE,,,,NOT_CAPTURED,,,ABSENT,,[Basis] No automated issues found
166,레인지,NSG6DG8700SRAA,https://www.samsung.com/us/cooking-appliances/ranges/bespoke-6-0-cu-ft-smart-slide-in-gas-range-with-smart-oven-camera-illuminated-precision-knobs-in-stainless-steel-sku-nsg6dg8700sraa/,PASS,NO_AUTOMATED_EXCEPTION,IN_SCOPE,,MISSING,,6,ABSENT,ABSENT,NOT_APPLICABLE,,,,NOT_CAPTURED,,,ABSENT,,[Basis] No automated issues found
167,레인지,NSG70H60SRAA,https://www.samsung.com/us/cooking-appliances/ranges/bespoke-smart-slide-in-gas-range-with-no-preheat-air-fry-max-in-stainless-steel-sku-nsg70h60sraa/,PASS,NO_AUTOMATED_EXCEPTION,IN_SCOPE,,MISSING,,,ABSENT,ABSENT,NOT_APPLICABLE,,,,NOT_CAPTURED,,,ABSENT,,[Basis] No automated issues found
168,레인지,NSG80H60SEAA,https://www.samsung.com/us/cooking-appliances/ranges/30-bespoke-smart-slide-in-gas-range-with-no-preheat-air-fry-max-and-true-convection-in-matte-black-steel-sku-nsg80h60seaa/,PASS,NO_AUTOMATED_EXCEPTION,IN_SCOPE,,MISSING,,6,ABSENT,ABSENT,NOT_APPLICABLE,,,,NOT_CAPTURED,,,ABSENT,,[Basis] No automated issues found
169,레인지,NSG80H60SRAA,https://www.samsung.com/us/cooking-appliances/ranges/30-bespoke-smart-slide-in-gas-range-with-no-preheat-air-fry-max-and-true-convection-in-stainless-steel-sku-nsg80h60sraa/,PASS,NO_AUTOMATED_EXCEPTION,IN_SCOPE,,MISSING,,6,ABSENT,ABSENT,NOT_APPLICABLE,,,,NOT_CAPTURED,,,ABSENT,,[Basis] No automated issues found
170,레인지,NSG80H60SWAA,https://www.samsung.com/us/cooking-appliances/ranges/30-bespoke-smart-slide-in-gas-range-with-no-preheat-air-fry-max-and-true-convection-in-white-glass-sku-nsg80h60swaa/,PASS,NO_AUTOMATED_EXCEPTION,IN_SCOPE,,MISSING,,6,ABSENT,ABSENT,NOT_APPLICABLE,,,,NOT_CAPTURED,,,ABSENT,,[Basis] No automated issues found
171,레인지,NSG80H60XRAA,https://www.samsung.com/us/cooking-appliances/ranges/bespoke-smart-slide-in-gas-range-with-no-preheat-air-fry-max-and-true-convection-in-stainless-steel-sku-nsg80h60xraa/,PASS,NO_AUTOMATED_EXCEPTION,IN_SCOPE,,MISSING,,,ABSENT,ABSENT,NOT_APPLICABLE,,,,NOT_CAPTURED,,,ABSENT,,[Basis] No automated issues found
172,레인지,NSG90H60DRAA,https://www.samsung.com/us/cooking-appliances/ranges/bespoke-smart-slide-in-gas-range-with-flex-duo-oven-and-dual-true-convection-in-stainless-steel-sku-nsg90h60draa/,PASS,NO_AUTOMATED_EXCEPTION,IN_SCOPE,,MISSING,,3.4,ABSENT,ABSENT,NOT_APPLICABLE,,,,NOT_CAPTURED,,,ABSENT,,[Basis] No automated issues found
173,레인지,NSG90H60SRAA,https://www.samsung.com/us/cooking-appliances/ranges/bespoke-smart-slide-in-gas-range-with-illuminated-precision-knobs-and-no-preheat-air-fry-max-in-stainless-steel-sku-nsg90h60sraa/,PASS,NO_AUTOMATED_EXCEPTION,IN_SCOPE,,MISSING,,,ABSENT,ABSENT,NOT_APPLICABLE,,,,NOT_CAPTURED,,,ABSENT,,[Basis] No automated issues found
174,레인지,NSG90H60SWAA,https://www.samsung.com/us/cooking-appliances/ranges/bespoke-smart-slide-in-gas-range-with-illuminated-precision-knobs-and-no-preheat-air-fry-max-in-white-glass-sku-nsg90h60swaa/,PASS,NO_AUTOMATED_EXCEPTION,IN_SCOPE,,MISSING,,,ABSENT,ABSENT,NOT_APPLICABLE,,,,NOT_CAPTURED,,,ABSENT,,[Basis] No automated issues found
175,레인지,NSG90H63SRAA,https://www.samsung.com/us/cooking-appliances/ranges/bespoke-smart-slide-in-dual-fuel-range-with-illuminated-knobs-no-preheat-airfry-max-and-true-convection-in-stainless-steel-sku-nsg90h63sraa/,PASS,NO_AUTOMATED_EXCEPTION,IN_SCOPE,,MISSING,,,ABSENT,ABSENT,NOT_APPLICABLE,,,,NOT_CAPTURED,,,ABSENT,,[Basis] No automated issues found
176,레인지,NSI6DB930012AA,https://www.samsung.com/us/cooking-appliances/ranges/bespoke-6-3-cu-ft-smart-slide-in-induction-range-with-anti-scratch-glass-cooktop-air-fry-in-white-glass-sku-nsi6db930012aa/,PASS,NO_AUTOMATED_EXCEPTION,IN_SCOPE,,MISSING,,6.3,PRESENT,PRESENT,PRESENT,,,,NOT_CAPTURED,,,PRESENT,,[Basis] No automated issues found
177,레인지,NSI6DB950012AA,https://www.samsung.com/us/cooking-appliances/ranges/ne9100d-5series-plus-3series-white-glass-sku-nsi6db950012aa/,PASS,NO_AUTOMATED_EXCEPTION,IN_SCOPE,,MISSING,,,PRESENT,PRESENT,PRESENT,,,,NOT_CAPTURED,,,PRESENT,,[Basis] No automated issues found
178,레인지,NSI6DB990012AA,https://www.samsung.com/us/cooking-appliances/ranges/bespoke-electric-induction-bespoke-6-3-cu-ft-ai-slide-in-induction-range-with-ai-hub-smart-oven-camera-in-white-glass-sku-nsi6db990012aa/,PASS,NO_AUTOMATED_EXCEPTION,IN_SCOPE,,MISSING,,6.3,PRESENT,PRESENT,PRESENT,,,,NOT_CAPTURED,,,PRESENT,,[Basis] No automated issues found
179,레인지,NSI6DG9300SRAA,https://www.samsung.com/us/cooking-appliances/ranges/bespoke-6-3-cu-ft-smart-slide-in-induction-range-with-anti-scratch-glass-cooktop-air-fry-in-stainless-steel-sku-nsi6dg9300sraa/,PASS,NO_AUTOMATED_EXCEPTION,IN_SCOPE,,MISSING,,,PRESENT,PRESENT,PRESENT,,,,NOT_CAPTURED,,,PRESENT,,[Basis] No automated issues found
180,레인지,NSI6DG9500MTAA,https://www.samsung.com/us/cooking-appliances/ranges/bespoke-6-3-cu-ft-smart-slide-in-induction-range-with-ambient-edge-lighting-air-sous-vide-in-matte-black-steel-sku-nsi6dg9500mtaa/,PASS,NO_AUTOMATED_EXCEPTION,IN_SCOPE,,MISSING,,,PRESENT,PRESENT,PRESENT,,,,NOT_CAPTURED,,,PRESENT,,[Basis] No automated issues found
181,레인지,NSI6DG9500SRAA,https://www.samsung.com/us/cooking-appliances/ranges/ne9100d-5series-plus-3series-stainless-steel-sku-nsi6dg9500sraa/,PASS,NO_AUTOMATED_EXCEPTION,IN_SCOPE,,MISSING,,,PRESENT,PRESENT,PRESENT,,,,NOT_CAPTURED,,,PRESENT,,[Basis] No automated issues found
182,레인지,NSI6DG9550SRAA,https://www.samsung.com/us/cooking-appliances/ranges/bespoke-smart-slide-in-induction-range-6-3-cu-ft-in-stainless-steel-with-flex-duo-ambient-edge-lighting-in-stainless-steel-sku-nsi6dg9550sraa/,PASS,NO_AUTOMATED_EXCEPTION,IN_SCOPE,,MISSING,,,PRESENT,PRESENT,PRESENT,,,,NOT_CAPTURED,,,PRESENT,,[Basis] No automated issues found
183,레인지,NSI6DG9900SRAA,https://www.samsung.com/us/cooking-appliances/ranges/bespoke-electric-induction-bespoke-6-3-cu-ft-ai-slide-in-induction-range-with-ai-hub-smart-oven-camera-in-stainless-steel-sku-nsi6dg9900sraa/,PASS,NO_AUTOMATED_EXCEPTION,IN_SCOPE,,MISSING,,6.3,PRESENT,PRESENT,PRESENT,,,,NOT_CAPTURED,,,PRESENT,,[Basis] No automated issues found
184,레인지,NSY6DG8550SRAA,https://www.samsung.com/us/cooking-appliances/ranges/bespoke-smart-slide-in-dual-fuel-range-6-3-cu-ft-with-flex-duo-illuminated-precision-knobs-in-stainless-steel-sku-nsy6dg8550sraa/,PASS,NO_AUTOMATED_EXCEPTION,IN_SCOPE,,MISSING,,,ABSENT,ABSENT,NOT_APPLICABLE,,,,NOT_CAPTURED,,,ABSENT,,[Basis] No automated issues found
185,레인지,NX60A6111SS/AA,https://www.samsung.com/us/cooking-appliances/ranges/6-0-cu-ft-smart-freestanding-gas-range-with-integrated-griddle-in-stainless-steel-sku-nx60a6111ss-aa/,PASS,NO_AUTOMATED_EXCEPTION,IN_SCOPE,,MISSING,,,ABSENT,ABSENT,NOT_APPLICABLE,,,,NOT_CAPTURED,,,ABSENT,,[Basis] No automated issues found
186,레인지,NX60A6311SS/AA,https://www.samsung.com/us/cooking-appliances/ranges/6-0-cu-ft-smart-freestanding-gas-range-with-18k-btu-dual-power-burner-self-clean-in-stainless-steel-sku-nx60a6311ss-aa/,PASS,NO_AUTOMATED_EXCEPTION,IN_SCOPE,,MISSING,,,ABSENT,ABSENT,NOT_APPLICABLE,,,,NOT_CAPTURED,,,ABSENT,,[Basis] No automated issues found
187,레인지,NX60A6511SG/AA,https://www.samsung.com/us/cooking-appliances/ranges/6-0-cu-ft-smart-freestanding-gas-range-with-no-preheat-air-fry-convection-in-black-stainless-steel-sku-nx60a6511sg-aa/,PASS,NO_AUTOMATED_EXCEPTION,IN_SCOPE,,MISSING,,,ABSENT,ABSENT,NOT_APPLICABLE,,,,NOT_CAPTURED,,,ABSENT,,[Basis] No automated issues found
188,레인지,NX60A6511SS/AA,https://www.samsung.com/us/cooking-appliances/ranges/6-0-cu-ft-smart-freestanding-gas-range-with-no-preheat-air-fry-convection-in-stainless-steel-sku-nx60a6511ss-aa/,PASS,NO_AUTOMATED_EXCEPTION,IN_SCOPE,,MISSING,,,ABSENT,ABSENT,NOT_APPLICABLE,,,,NOT_CAPTURED,,,ABSENT,,[Basis] No automated issues found
189,레인지,NX60A6711SS/AA,https://www.samsung.com/us/cooking-appliances/ranges/6-0-cu-ft-smart-freestanding-gas-range-with-no-preheat-air-fry-convectionplus-stainless-cooktop-in-stainless-steel-sku-nx60a6711ss-aa/,PASS,NO_AUTOMATED_EXCEPTION,IN_SCOPE,,MISSING,,,ABSENT,ABSENT,NOT_APPLICABLE,,,,NOT_CAPTURED,,,ABSENT,,[Basis] No automated issues found
190,레인지,NX60A6751SG/AA,https://www.samsung.com/us/cooking-appliances/ranges/6-0-cu-ft-smart-freestanding-gas-range-with-flex-duo-air-fry-in-black-stainless-steel-sku-nx60a6751sg-aa/,PASS,NO_AUTOMATED_EXCEPTION,IN_SCOPE,,MISSING,,,ABSENT,ABSENT,NOT_APPLICABLE,,,,NOT_CAPTURED,,,ABSENT,,[Basis] No automated issues found
191,레인지,NX60A6751SS/AA,https://www.samsung.com/us/cooking-appliances/ranges/6-0-cu-ft-smart-freestanding-gas-range-with-flex-duo-stainless-cooktop-air-fry-in-stainless-steel-sku-nx60a6751ss-aa/,PASS,NO_AUTOMATED_EXCEPTION,IN_SCOPE,,MISSING,,,ABSENT,ABSENT,NOT_APPLICABLE,,,,NOT_CAPTURED,,,ABSENT,,[Basis] No automated issues found
192,쿡탑,CC70F30S2DAA,https://www.samsung.com/us/cooking-appliances/cooktops/30-induction-cooktop-with-anti-scratch-matte-glass-and-sync-burners-in-black-sku-cc70f30s2daa/,PASS,NO_AUTOMATED_EXCEPTION,IN_SCOPE,,MISSING,,,PRESENT,PRESENT,PRESENT,,,,NOT_CAPTURED,,,PRESENT,,[Basis] No automated issues found
193,쿡탑,CC70F36S2DAA,https://www.samsung.com/us/cooking-appliances/cooktops/36-induction-cooktop-with-anti-scratch-matte-glass-and-sync-burners-in-black-sku-cc70f36s2daa/,PASS,NO_AUTOMATED_EXCEPTION,IN_SCOPE,,MISSING,,,PRESENT,PRESENT,PRESENT,,,,NOT_CAPTURED,,,PRESENT,,[Basis] No automated issues found
194,쿡탑,NA30N6555TG/AA,https://www.samsung.com/us/cooking-appliances/cooktops/30-gas-cooktop-2018-sku-na30n6555tg-aa/,PASS,NO_AUTOMATED_EXCEPTION,IN_SCOPE,,MISSING,,,ABSENT,ABSENT,NOT_APPLICABLE,,,,NOT_CAPTURED,,,ABSENT,,[Basis] No automated issues found
195,쿡탑,NA30N6555TS/AA,https://www.samsung.com/us/cooking-appliances/cooktops/30-gas-cooktop-2018-sku-na30n6555ts-aa/,PASS,NO_AUTOMATED_EXCEPTION,IN_SCOPE,,MISSING,,,ABSENT,ABSENT,NOT_APPLICABLE,,,,NOT_CAPTURED,,,ABSENT,,[Basis] No automated issues found
196,쿡탑,NA30N7755TG/AA,https://www.samsung.com/us/cooking-appliances/cooktops/30-gas-cooktop-with-22k-btu-true-dual-power-burner-2018-sku-na30n7755tg-aa/,PASS,NO_AUTOMATED_EXCEPTION,IN_SCOPE,,MISSING,,,ABSENT,ABSENT,NOT_APPLICABLE,,,,NOT_CAPTURED,,,ABSENT,,[Basis] No automated issues found
197,쿡탑,NA30N7755TS/AA,https://www.samsung.com/us/cooking-appliances/cooktops/30-gas-cooktop-with-22k-btu-true-dual-power-burner-2018-sku-na30n7755ts-aa/,PASS,NO_AUTOMATED_EXCEPTION,IN_SCOPE,,MISSING,,,ABSENT,ABSENT,NOT_APPLICABLE,,,,NOT_CAPTURED,,,ABSENT,,[Basis] No automated issues found
198,쿡탑,NA30R5310FS/AA,https://www.samsung.com/us/cooking-appliances/cooktops/30-gas-cooktop-sku-na30r5310fs-aa/,PASS,NO_AUTOMATED_EXCEPTION,IN_SCOPE,,MISSING,,,ABSENT,ABSENT,NOT_APPLICABLE,,,,NOT_CAPTURED,,,ABSENT,,[Basis] No automated issues found
199,쿡탑,NA36N6555TG/AA,https://www.samsung.com/us/cooking-appliances/cooktops/36-gas-cooktop-2018-sku-na36n6555tg-aa/,PASS,NO_AUTOMATED_EXCEPTION,IN_SCOPE,,MISSING,,,ABSENT,ABSENT,NOT_APPLICABLE,,,,NOT_CAPTURED,,,ABSENT,,[Basis] No automated issues found
200,쿡탑,NA36N6555TS/AA,https://www.samsung.com/us/cooking-appliances/cooktops/36-gas-cooktop-2018-sku-na36n6555ts-aa/,PASS,NO_AUTOMATED_EXCEPTION,IN_SCOPE,,MISSING,,,ABSENT,ABSENT,NOT_APPLICABLE,,,,NOT_CAPTURED,,,ABSENT,,[Basis] No automated issues found
201,쿡탑,NA36N7755TG/AA,https://www.samsung.com/us/cooking-appliances/cooktops/36-gas-cooktop-with-22k-btu-true-dual-power-burner-2018-sku-na36n7755tg-aa/,PASS,NO_AUTOMATED_EXCEPTION,IN_SCOPE,,MISSING,,,ABSENT,ABSENT,NOT_APPLICABLE,,,,NOT_CAPTURED,,,ABSENT,,[Basis] No automated issues found
202,쿡탑,NA36N7755TS/AA,https://www.samsung.com/us/cooking-appliances/cooktops/36-gas-cooktop-with-22k-btu-true-dual-power-burner-2018-sku-na36n7755ts-aa/,PASS,NO_AUTOMATED_EXCEPTION,IN_SCOPE,,MISSING,,,ABSENT,ABSENT,NOT_APPLICABLE,,,,NOT_CAPTURED,,,ABSENT,,[Basis] No automated issues found
203,쿡탑,NA36R5310FS/AA,https://www.samsung.com/us/cooking-appliances/cooktops/36-gas-cooktop-sku-na36r5310fs-aa/,PASS,NO_AUTOMATED_EXCEPTION,IN_SCOPE,,MISSING,,,ABSENT,ABSENT,NOT_APPLICABLE,,,,NOT_CAPTURED,,,ABSENT,,[Basis] No automated issues found
204,쿡탑,NZ30FG5332RKAA,https://www.samsung.com/us/cooking-appliances/cooktops/electric-30-energy-star-certified-cooktop-with-4-elements-in-black-sku-nz30fg5332rkaa/,PASS,NO_AUTOMATED_EXCEPTION,IN_SCOPE,,MISSING,,,PRESENT,PRESENT,PRESENT,,,,NOT_CAPTURED,,,PRESENT,,[Basis] No automated issues found
205,쿡탑,NZ30FG6332RKAA,https://www.samsung.com/us/cooking-appliances/cooktops/30-built-in-electric-cooktop-energy-star-certified-electric-cooktop-with-illuminated-knobs-sku-nz30fg6332rkaa/,PASS,NO_AUTOMATED_EXCEPTION,IN_SCOPE,,MISSING,,,PRESENT,PRESENT,PRESENT,,,,NOT_CAPTURED,,,PRESENT,,[Basis] No automated issues found
206,쿡탑,NZ30K7570RS/AA,https://www.samsung.com/us/cooking-appliances/cooktops/30-built-in-electric-cooktop-with-rapid-boil-sku-nz30k7570rs-aa/,PASS,NO_AUTOMATED_EXCEPTION,IN_SCOPE,,MISSING,,,ABSENT,ABSENT,NOT_APPLICABLE,,,,NOT_CAPTURED,,,ABSENT,,[Basis] No automated issues found
207,쿡탑,NZ30K7880US/AA,https://www.samsung.com/us/cooking-appliances/cooktops/induction-30-built-in-induction-cooktop-with-flex-cookzone-in-stainless-steel-sku-nz30k7880us-aa/,PASS,NO_AUTOMATED_EXCEPTION,IN_SCOPE,,MISSING,,,ABSENT,ABSENT,NOT_APPLICABLE,,,,NOT_CAPTURED,,,ABSENT,,[Basis] No automated issues found
208,쿡탑,NZ36FG5332RKAA,https://www.samsung.com/us/cooking-appliances/cooktops/36-electric-energy-star-certified-cooktop-with-5-elements-in-black-sku-nz36fg5332rkaa/,PASS,NO_AUTOMATED_EXCEPTION,IN_SCOPE,,MISSING,,,PRESENT,PRESENT,PRESENT,,,,NOT_CAPTURED,,,PRESENT,,[Basis] No automated issues found
209,쿡탑,NZ36FG6432RKAA,https://www.samsung.com/us/cooking-appliances/cooktops/36-built-in-electric-cooktop-energy-star-certified-electric-cooktop-with-illuminated-knobs-sku-nz36fg6432rkaa/,PASS,NO_AUTOMATED_EXCEPTION,IN_SCOPE,,MISSING,,,PRESENT,PRESENT,PRESENT,,,,NOT_CAPTURED,,,PRESENT,,[Basis] No automated issues found
210,쿡탑,NZ36K7570RS/AA,https://www.samsung.com/us/cooking-appliances/cooktops/36-built-in-electric-cooktop-with-rapid-boil-sku-nz36k7570rs-aa/,PASS,NO_AUTOMATED_EXCEPTION,IN_SCOPE,,MISSING,,,ABSENT,ABSENT,NOT_APPLICABLE,,,,NOT_CAPTURED,,,ABSENT,,[Basis] No automated issues found
211,쿡탑,NZ36K7880US/AA,https://www.samsung.com/us/cooking-appliances/cooktops/induction-36-built-in-induction-cooktop-with-flex-cookzone-in-stainless-steel-sku-nz36k7880us-aa/,PASS,NO_AUTOMATED_EXCEPTION,IN_SCOPE,,MISSING,,,ABSENT,ABSENT,NOT_APPLICABLE,,,,NOT_CAPTURED,,,ABSENT,,[Basis] No automated issues found
212,의류건조기,DV25B6900EW/A2,https://www.samsung.com/us/laundry/dryers/ventless-4-0-cu-ft-heat-pump-dryer-with-ai-smart-dial-and-wi-fi-connectivity-in-white-sku-dv25b6900ew-a2/,PASS,NO_AUTOMATED_EXCEPTION,IN_SCOPE,,MISSING,,4,ABSENT,ABSENT,NOT_APPLICABLE,,,,NOT_CAPTURED,,,ABSENT,,[Basis] No automated issues found
213,의류건조기,DV25B6900HW/A2,https://www.samsung.com/us/laundry/dryers/ventless-4-0-cu-ft-heat-pump-dryer-with-ai-smart-dial-and-wi-fi-connectivity-in-white-sku-dv25b6900hw-a2/,PASS,NO_AUTOMATED_EXCEPTION,IN_SCOPE,,MISSING,,4,PRESENT,PRESENT,PRESENT,,,,NOT_CAPTURED,,,PRESENT,,[Basis] No automated issues found
214,의류건조기,DV25FG60BVBEA2,https://www.samsung.com/us/laundry/dryers/electric-4-cu-ft-compact-dryer-in-white-sku-dv25fg60bvbea2/,PASS,NO_AUTOMATED_EXCEPTION,IN_SCOPE,,MISSING,260,,ABSENT,ABSENT,NOT_APPLICABLE,,,,NOT_CAPTURED,,,ABSENT,,[Basis] No automated issues found
215,의류건조기,DV25FG62B0BEA2,https://www.samsung.com/us/laundry/dryers/ventless-4-cu-ft-compact-heat-pump-dryer-in-white-sku-dv25fg62b0bea2/,PASS,NO_AUTOMATED_EXCEPTION,IN_SCOPE,,MISSING,125,,PRESENT,PRESENT,PRESENT,,,,NOT_CAPTURED,,,PRESENT,,[Basis] No automated issues found
216,의류건조기,DV45DG6000HWA2,https://www.samsung.com/us/laundry/dryers/ventless-7-5-cu-ft-large-capacity-ventless-hybrid-heat-pump-dryer-with-wi-fi-in-white-sku-dv45dg6000hwa2/,PASS,NO_AUTOMATED_EXCEPTION,IN_SCOPE,,MISSING,263,7.5,PRESENT,PRESENT,PRESENT,,,,NOT_CAPTURED,,,PRESENT,,[Basis] No automated issues found
217,의류건조기,DV53BB8900HDA2,https://www.samsung.com/us/laundry/dryers/bespoke-7-8-cu-ft-ultra-capacity-ventless-hybrid-heat-pump-dryer-with-ai-optimal-dry-in-brushed-navy-sku-dv53bb8900hda2/,PASS,NO_AUTOMATED_EXCEPTION,IN_SCOPE,https://images.samsung.com/is/content/samsung/p6pim/us/dv53bb8900hda2/energyguide/us-energyguide-dv53bb8900hda2-550161363.pdf,LINKED_UNVERIFIED,,7.8,PRESENT,PRESENT,PRESENT,,,,NOT_CAPTURED,,,PRESENT,,[Basis] No automated issues found
218,의류건조기,DV90F53AESA3,https://www.samsung.com/us/laundry/dryers/bespoke-dv90f27v-electric-front-load-dryer-ai-home-ai-optidry-plus-bedding-7-6-cu-ft-dark-steel-sku-dv90f53aesa3/,PASS,NO_AUTOMATED_EXCEPTION,IN_SCOPE,,MISSING,,7.6,PRESENT,PRESENT,PRESENT,,,,NOT_CAPTURED,,,PRESENT,,[Basis] No automated issues found
219,의류건조기,DV90F53AEYA3,https://www.samsung.com/us/laundry/dryers/bespoke-dv90f27v-electric-front-load-dryer-ai-home-ai-optidry-plus-bedding-7-6-cu-ft-ivory-sku-dv90f53aeya3/,PASS,NO_AUTOMATED_EXCEPTION,IN_SCOPE,,MISSING,,7.6,PRESENT,PRESENT,PRESENT,,,,NOT_CAPTURED,,,PRESENT,,[Basis] No automated issues found
220,의류건조기,DV90F53AGSA3,https://www.samsung.com/us/laundry/dryers/bespoke-7-6-cu-ft-bespoke-ai-ultra-capacity-front-load-gas-dryer-with-ai-home-and-ai-optidry-in-dark-steel-sku-dv90f53agsa3/,PASS,NO_AUTOMATED_EXCEPTION,IN_SCOPE,,MISSING,,7.6,PRESENT,PRESENT,PRESENT,,,,NOT_CAPTURED,,,PRESENT,,[Basis] No automated issues found
221,의류건조기,DV90F53AGYA3,https://www.samsung.com/us/laundry/dryers/bespoke-7-6-cu-ft-bespoke-ai-ultra-capacity-front-load-gas-dryer-with-ai-home-and-ai-optidry-in-ivory-sku-dv90f53agya3/,PASS,NO_AUTOMATED_EXCEPTION,IN_SCOPE,,MISSING,,7.6,PRESENT,PRESENT,PRESENT,,,,NOT_CAPTURED,,,PRESENT,,[Basis] No automated issues found
222,의류건조기,DVE41A3000W/A3,https://www.samsung.com/us/laundry/dryers/electric-dv3000a-7-2-cu-ft-top-load-dryer-with-sensor-dry-and-8-drying-cycles-in-white-sku-dve41a3000w-a3/,PASS,NO_AUTOMATED_EXCEPTION,IN_SCOPE,,MISSING,644,7.2,ABSENT,ABSENT,NOT_APPLICABLE,,,,NOT_CAPTURED,,,ABSENT,,[Basis] No automated issues found
223,의류건조기,DVE45B6300P/A3,https://www.samsung.com/us/laundry/dryers/electric-dv6300b-front-load-smart-electric-dryer-with-steam-sanitize-7-5-cu-ft-platinum-sku-dve45b6300p-a3/,PASS,NO_AUTOMATED_EXCEPTION,IN_SCOPE,,MISSING,644,7.5,ABSENT,ABSENT,NOT_APPLICABLE,,,,NOT_CAPTURED,,,ABSENT,,[Basis] No automated issues found
224,의류건조기,DVE45B6300W/A3,https://www.samsung.com/us/laundry/dryers/electric-dv6300b-front-load-smart-electric-dryer-with-steam-sanitize-7-5-cu-ft-white-sku-dve45b6300w-a3/,PASS,NO_AUTOMATED_EXCEPTION,IN_SCOPE,,MISSING,644,7.5,ABSENT,ABSENT,NOT_APPLICABLE,,,,NOT_CAPTURED,,,ABSENT,,[Basis] No automated issues found
225,의류건조기,DVE45T3200W/A3,https://www.samsung.com/us/laundry/dryers/electric-dv3000a-7-2-cu-ft-electric-dryer-with-sensor-dry-in-white-sku-dve45t3200w-a3/,PASS,NO_AUTOMATED_EXCEPTION,IN_SCOPE,,MISSING,644,7.2,ABSENT,ABSENT,NOT_APPLICABLE,,,,NOT_CAPTURED,,,ABSENT,,[Basis] No automated issues found
226,의류건조기,DVE45T6000V/A3,https://www.samsung.com/us/laundry/dryers/electric-7-5-cu-ft-dryer-with-sensor-dry-in-brushed-black-sku-dve45t6000v-a3/,PASS,NO_AUTOMATED_EXCEPTION,IN_SCOPE,,MISSING,644,7.5,ABSENT,ABSENT,NOT_APPLICABLE,,,,NOT_CAPTURED,,,ABSENT,,[Basis] No automated issues found
227,의류건조기,DVE45T6000W/A3,https://www.samsung.com/us/laundry/dryers/electric-7-5-cu-ft-dryer-with-sensor-dry-in-white-sku-dve45t6000w-a3/,PASS,NO_AUTOMATED_EXCEPTION,IN_SCOPE,,MISSING,644,7.5,ABSENT,ABSENT,NOT_APPLICABLE,,,,NOT_CAPTURED,,,ABSENT,,[Basis] No automated issues found
228,의류건조기,DVE47CG3500VA3,https://www.samsung.com/us/laundry/dryers/electric-dv3500c-top-load-smart-electric-dryer-with-sensor-dry-7-4-cu-ft-brushed-black-sku-dve47cg3500va3/,PASS,NO_AUTOMATED_EXCEPTION,IN_SCOPE,,MISSING,,7.4,ABSENT,ABSENT,NOT_APPLICABLE,,,,NOT_CAPTURED,,,ABSENT,,[Basis] No automated issues found
229,의류건조기,DVE47CG3500WA3,https://www.samsung.com/us/laundry/dryers/electric-dv3500c-top-load-smart-electric-dryer-with-sensor-dry-7-4-cu-ft-white-sku-dve47cg3500wa3/,PASS,NO_AUTOMATED_EXCEPTION,IN_SCOPE,,MISSING,,7.4,ABSENT,ABSENT,NOT_APPLICABLE,,,,NOT_CAPTURED,,,ABSENT,,[Basis] No automated issues found
230,의류건조기,DVE50BG8300EA3,https://www.samsung.com/us/laundry/dryers/front-load-dv8300b-dryer-steam-sanitize-energy-star-certified-7-5-cu-ft-ivory-sku-dve50bg8300ea3/,PASS,NO_AUTOMATED_EXCEPTION,IN_SCOPE,,MISSING,,7.5,PRESENT,PRESENT,PRESENT,,,,NOT_CAPTURED,,,PRESENT,,[Basis] No automated issues found
231,의류건조기,DVE50BG8300VA3,https://www.samsung.com/us/laundry/dryers/front-load-dv8300b-dryer-steam-sanitize-energy-star-certified-7-5-cu-ft-brushed-black-sku-dve50bg8300va3/,PASS,NO_AUTOMATED_EXCEPTION,IN_SCOPE,,MISSING,,7.5,PRESENT,PRESENT,PRESENT,,,,NOT_CAPTURED,,,PRESENT,,[Basis] No automated issues found
232,의류건조기,DVE52A5500W/A3,https://www.samsung.com/us/laundry/dryers/electric-dv5500a-front-load-7-4-cu-ft-smart-electric-dryer-with-steam-sanitize-in-white-sku-dve52a5500w-a3/,PASS,NO_AUTOMATED_EXCEPTION,IN_SCOPE,,MISSING,644,7.4,ABSENT,ABSENT,NOT_APPLICABLE,,,,NOT_CAPTURED,,,ABSENT,,[Basis] No automated issues found
233,의류건조기,DVE53BB8700VA3,https://www.samsung.com/us/laundry/dryers/bespoke-dv8700b-front-load-electric-ultra-capacity-dryer-with-super-speed-dry-and-ai-smart-dial-7-6-cu-ft-brushed-black-sku-dve53bb8700va3/,PASS,NO_AUTOMATED_EXCEPTION,IN_SCOPE,,MISSING,,7.6,PRESENT,PRESENT,PRESENT,,,,NOT_CAPTURED,,,PRESENT,,[Basis] No automated issues found
234,의류건조기,DVE53BB8900DA3,https://www.samsung.com/us/laundry/dryers/bespoke-7-6-cu-ft-ultra-capacity-electric-dryer-with-ai-optimal-dry-and-super-speed-dry-in-brushed-navy-sku-dve53bb8900da3/,PASS,NO_AUTOMATED_EXCEPTION,IN_SCOPE,,MISSING,,7.6,PRESENT,PRESENT,PRESENT,,,,NOT_CAPTURED,,,PRESENT,,[Basis] No automated issues found
235,의류건조기,DVE54CG7150DA3,https://www.samsung.com/us/laundry/dryers/electric-7-4-cu-ft-smart-electric-dryer-with-pet-care-dry-and-steam-sanitize-in-brushed-navy-sku-dve54cg7150da3/,PASS,NO_AUTOMATED_EXCEPTION,IN_SCOPE,,MISSING,,7.4,ABSENT,ABSENT,NOT_APPLICABLE,,,,NOT_CAPTURED,,,ABSENT,,[Basis] No automated issues found
236,의류건조기,DVE55CG7100VA3,https://www.samsung.com/us/laundry/dryers/electric-7-4-cu-ft-smart-electric-dryer-with-steam-sanitize-in-brushed-black-sku-dve55cg7100va3/,PASS,NO_AUTOMATED_EXCEPTION,IN_SCOPE,,MISSING,,7.4,ABSENT,ABSENT,NOT_APPLICABLE,,,,NOT_CAPTURED,,,ABSENT,,[Basis] No automated issues found
237,의류건조기,DVE55CG7100WA3,https://www.samsung.com/us/laundry/dryers/electric-7-4-cu-ft-smart-electric-dryer-with-steam-sanitize-in-white-sku-dve55cg7100wa3/,PASS,NO_AUTOMATED_EXCEPTION,IN_SCOPE,,MISSING,,7.4,ABSENT,ABSENT,NOT_APPLICABLE,,,,NOT_CAPTURED,,,ABSENT,,[Basis] No automated issues found
238,의류건조기,DVE55CG7500EA3,https://www.samsung.com/us/laundry/dryers/electric-dv7500c-top-load-dryer-steam-sanitize-plus-smartthings-7-4-cu-ft-ivory-sku-dve55cg7500ea3/,PASS,NO_AUTOMATED_EXCEPTION,IN_SCOPE,,MISSING,608,7.4,PRESENT,PRESENT,PRESENT,,,,NOT_CAPTURED,,,PRESENT,,[Basis] No automated issues found
239,의류건조기,DVG41A3000W/A3,https://www.samsung.com/us/laundry/dryers/gas-dv3000a-top-load-7-2-cu-ft-dryer-with-sensor-dry-and-8-drying-cycles-in-white-sku-dvg41a3000w-a3/,PASS,NO_AUTOMATED_EXCEPTION,IN_SCOPE,,MISSING,644,7.2,ABSENT,ABSENT,NOT_APPLICABLE,,,,NOT_CAPTURED,,,ABSENT,,[Basis] No automated issues found
240,의류건조기,DVG45B6300P/A3,https://www.samsung.com/us/laundry/dryers/gas-7-5-cu-ft-front-load-smart-gas-dryer-with-steam-sanitize-in-platinum-sku-dvg45b6300p-a3/,PASS,NO_AUTOMATED_EXCEPTION,IN_SCOPE,,MISSING,,7.5,ABSENT,ABSENT,NOT_APPLICABLE,,,,NOT_CAPTURED,,,ABSENT,,[Basis] No automated issues found
241,의류건조기,DVG45B6300W/A3,https://www.samsung.com/us/laundry/dryers/gas-7-5-cu-ft-front-load-smart-gas-dryer-with-steam-sanitize-in-white-sku-dvg45b6300w-a3/,PASS,NO_AUTOMATED_EXCEPTION,IN_SCOPE,,MISSING,,7.5,ABSENT,ABSENT,NOT_APPLICABLE,,,,NOT_CAPTURED,,,ABSENT,,[Basis] No automated issues found
242,의류건조기,DVG45T3200W/A3,https://www.samsung.com/us/laundry/dryers/gas-7-2-cu-ft-gas-dryer-with-sensor-dry-in-white-sku-dvg45t3200w-a3/,PASS,NO_AUTOMATED_EXCEPTION,IN_SCOPE,,MISSING,644,7.2,ABSENT,ABSENT,NOT_APPLICABLE,,,,NOT_CAPTURED,,,ABSENT,,[Basis] No automated issues found
243,의류건조기,DVG45T6000V/A3,https://www.samsung.com/us/laundry/dryers/gas-7-5-cu-ft-gas-dryer-with-sensor-dry-in-black-stainless-steel-sku-dvg45t6000v-a3/,PASS,NO_AUTOMATED_EXCEPTION,IN_SCOPE,,MISSING,,7.5,ABSENT,ABSENT,NOT_APPLICABLE,,,,NOT_CAPTURED,,,ABSENT,,[Basis] No automated issues found
244,의류건조기,DVG45T6000W/A3,https://www.samsung.com/us/laundry/dryers/gas-7-5-cu-ft-gas-dryer-with-sensor-dry-in-white-sku-dvg45t6000w-a3/,PASS,NO_AUTOMATED_EXCEPTION,IN_SCOPE,,MISSING,,7.5,ABSENT,ABSENT,NOT_APPLICABLE,,,,NOT_CAPTURED,,,ABSENT,,[Basis] No automated issues found
245,의류건조기,DVG47CG3500VA3,https://www.samsung.com/us/laundry/dryers/gas-7-4-cu-ft-smart-gas-dryer-with-sensor-dry-in-brushed-black-sku-dvg47cg3500va3/,PASS,NO_AUTOMATED_EXCEPTION,IN_SCOPE,,MISSING,,7.4,ABSENT,ABSENT,ABSENT,,,,NOT_CAPTURED,,,ABSENT,,[Basis] No automated issues found
246,의류건조기,DVG47CG3500WA3,https://www.samsung.com/us/laundry/dryers/gas-7-4-cu-ft-smart-gas-dryer-with-sensor-dry-in-white-sku-dvg47cg3500wa3/,PASS,NO_AUTOMATED_EXCEPTION,IN_SCOPE,,MISSING,,7.4,ABSENT,ABSENT,ABSENT,,,,NOT_CAPTURED,,,ABSENT,,[Basis] No automated issues found
247,의류건조기,DVG50BG8300EA3,https://www.samsung.com/us/laundry/dryers/gas-7-5-cu-ft-smart-gas-dryer-with-steam-sanitize-and-sensor-dry-in-ivory-sku-dvg50bg8300ea3/,PASS,NO_AUTOMATED_EXCEPTION,IN_SCOPE,,MISSING,,7.5,PRESENT,PRESENT,PRESENT,,,,NOT_CAPTURED,,,PRESENT,,[Basis] No automated issues found
248,의류건조기,DVG50BG8300VA3,https://www.samsung.com/us/laundry/dryers/gas-7-5-cu-ft-smart-gas-dryer-with-steam-sanitize-and-sensor-dry-in-brushed-black-sku-dvg50bg8300va3/,PASS,NO_AUTOMATED_EXCEPTION,IN_SCOPE,,MISSING,,7.5,PRESENT,PRESENT,PRESENT,,,,NOT_CAPTURED,,,PRESENT,,[Basis] No automated issues found
249,의류건조기,DVG52A5500W/A3,https://www.samsung.com/us/laundry/dryers/gas-dv5500a-top-load-7-4-cu-ft-smart-dryer-with-steam-sanitize-in-white-sku-dvg52a5500w-a3/,PASS,NO_AUTOMATED_EXCEPTION,IN_SCOPE,,MISSING,,7.4,ABSENT,ABSENT,NOT_APPLICABLE,,,,NOT_CAPTURED,,,ABSENT,,[Basis] No automated issues found
250,의류건조기,DVG53BB8700VA3,https://www.samsung.com/us/laundry/dryers/bespoke-dv8700b-front-load-gas-dryer-with-super-speed-dry-and-ai-smart-dial-7-6-cu-ft-brushed-black-sku-dvg53bb8700va3/,PASS,NO_AUTOMATED_EXCEPTION,IN_SCOPE,,MISSING,,7.6,PRESENT,PRESENT,PRESENT,,,,NOT_CAPTURED,,,PRESENT,,[Basis] No automated issues found
251,의류건조기,DVG53BB8900DA3,https://www.samsung.com/us/laundry/dryers/bespoke-7-6-cu-ft-ultra-capacity-gas-dryer-with-ai-optimal-dry-and-super-speed-dry-in-brushed-navy-sku-dvg53bb8900da3/,PASS,NO_AUTOMATED_EXCEPTION,IN_SCOPE,,MISSING,,7.6,PRESENT,PRESENT,PRESENT,,,,NOT_CAPTURED,,,PRESENT,,[Basis] No automated issues found
252,의류건조기,DVG54CG7150DA3,https://www.samsung.com/us/laundry/dryers/7-4-cu-ft-smart-gas-dryer-with-pet-care-dry-and-steam-sanitize-in-brushed-navy-sku-dvg54cg7150da3/,PASS,NO_AUTOMATED_EXCEPTION,IN_SCOPE,,MISSING,,7.4,ABSENT,ABSENT,NOT_APPLICABLE,,,,NOT_CAPTURED,,,ABSENT,,[Basis] No automated issues found
253,의류건조기,DVG55CG7100VA3,https://www.samsung.com/us/laundry/dryers/gas-7-4-cu-ft-smart-gas-dryer-with-steam-sanitize-in-brushed-black-sku-dvg55cg7100va3/,PASS,NO_AUTOMATED_EXCEPTION,IN_SCOPE,,MISSING,,7.4,ABSENT,ABSENT,NOT_APPLICABLE,,,,NOT_CAPTURED,,,ABSENT,,[Basis] No automated issues found
254,의류건조기,DVG55CG7100WA3,https://www.samsung.com/us/laundry/dryers/gas-7-4-cu-ft-smart-gas-dryer-with-steam-sanitize-in-white-sku-dvg55cg7100wa3/,PASS,NO_AUTOMATED_EXCEPTION,IN_SCOPE,,MISSING,,7.4,ABSENT,ABSENT,NOT_APPLICABLE,,,,NOT_CAPTURED,,,ABSENT,,[Basis] No automated issues found
255,의류건조기,DVG55CG7500EA3,https://www.samsung.com/us/laundry/dryers/gas-dv7500c-front-load-dryer-steam-sanitize-plus-smartthings-7-4-cu-ft-ivory-sku-dvg55cg7500ea3/,PASS,NO_AUTOMATED_EXCEPTION,IN_SCOPE,,MISSING,,7.4,PRESENT,PRESENT,PRESENT,,,,NOT_CAPTURED,,,PRESENT,,[Basis] No automated issues found
256,의류건조기,WD53DBA900HBA1,https://www.samsung.com/us/laundry/washer-and-dryer-sets/all-in-one-washer-dryer-combo-bespoke-ai-laundry-ventless-combo-super-speed-5-3-cu-ft-brushed-black-sku-wd53dba900hba1/,PASS,NO_AUTOMATED_EXCEPTION,IN_SCOPE,https://images.samsung.com/is/content/samsung/p6pim/us/wd53dba900hba1/energyguide/us-energyguide-wd53dba900hba1-550443768.pdf,LINKED_UNVERIFIED,,5.3,PRESENT,PRESENT,PRESENT,,,,NOT_CAPTURED,,,PRESENT,,[Basis] No automated issues found
257,의류건조기,WD53DBA900HYA1,https://www.samsung.com/us/laundry/washer-and-dryer-sets/5-3-cu-ft-bespoke-ai-laundry-ventless-heat-pump-dryer-combo-heat-pump-dryer-all-in-one-ultra-capacity-washer-with-ai-home-in-ivory-sku-wd53dba900hya1/,PASS,NO_AUTOMATED_EXCEPTION,IN_SCOPE,https://images.samsung.com/is/content/samsung/p6pim/us/wd53dba900hya1/energyguide/us-energyguide-wd53dba900hya1-551311128.pdf,LINKED_UNVERIFIED,,5.3,PRESENT,PRESENT,PRESENT,,,,NOT_CAPTURED,,,PRESENT,,[Basis] No automated issues found
258,의류건조기,WD53DBA900HZA1,https://www.samsung.com/us/laundry/washer-and-dryer-sets/all-in-one-washer-dryer-combo-bespoke-ai-laundry-ventless-combo-super-speed-5-3-cu-ft-dark-steel-sku-wd53dba900hza1/,PASS,NO_AUTOMATED_EXCEPTION,IN_SCOPE,https://images.samsung.com/is/content/samsung/p6pim/us/wd53dba900hza1/energyguide/us-energyguide-wd53dba900hza1-550443770.pdf,LINKED_UNVERIFIED,,5.3,PRESENT,PRESENT,PRESENT,,,,NOT_CAPTURED,,,PRESENT,,[Basis] No automated issues found
259,의류건조기,WD90F53AVBUS,https://www.samsung.com/us/laundry/washer-and-dryer-sets/all-in-one-washer-dryer-combo-wd90f27v-bespoke-ai-laundry-combo-vented-all-in-one-ultra-capacity-washer-and-electric-dryer-with-ai-home-5-3-cu-ft-brushed-black-sku-wd90f53avbus/,PASS,NO_AUTOMATED_EXCEPTION,IN_SCOPE,https://images.samsung.com/is/content/samsung/p6pim/us/wd90f53avbus/energyguide/us-energyguide-wd90f53avbus-550443963.pdf,LINKED_UNVERIFIED,,5.3,PRESENT,PRESENT,PRESENT,,,,NOT_CAPTURED,,,PRESENT,,[Basis] No automated issues found
260,의류건조기,WD90F53AVSUS,https://www.samsung.com/us/laundry/washer-and-dryer-sets/all-in-one-washer-dryer-combo-wd90f27v-bespoke-ai-laundry-combo-vented-all-in-one-ultra-capacity-washer-and-electric-dryer-with-ai-home-5-3-cu-ft-dark-steel-sku-wd90f53avsus/,PASS,NO_AUTOMATED_EXCEPTION,IN_SCOPE,https://images.samsung.com/is/content/samsung/p6pim/us/wd90f53avsus/energyguide/us-energyguide-wd90f53avsus-550443967.pdf,LINKED_UNVERIFIED,,5.3,PRESENT,PRESENT,PRESENT,,,,NOT_CAPTURED,,,PRESENT,,[Basis] No automated issues found
261,의류건조기,WD90F53AVYUS,https://www.samsung.com/us/laundry/washer-and-dryer-sets/all-in-one-washer-dryer-combo-bespoke-ai-laundry-combo-vented-all-in-one-ultra-capacity-washer-and-electric-dryer-with-ai-home-5-3-cu-ft-ivory-sku-wd90f53avyus/,PASS,NO_AUTOMATED_EXCEPTION,IN_SCOPE,https://images.samsung.com/is/content/samsung/p6pim/us/wd90f53avyus/energyguide/us-energyguide-wd90f53avyus-551754496.pdf,LINKED_UNVERIFIED,,5.3,PRESENT,PRESENT,PRESENT,,,,NOT_CAPTURED,,,PRESENT,,[Basis] No automated issues found
262,의류건조기,WH46DBH100EWA3,https://www.samsung.com/us/laundry/washer-and-dryer-sets/stacked-washer-and-dryer-bespoke-4-6-cu-ft-ai-laundry-hub-large-capacity-single-unit-washer-with-steam-wash-and-7-6-cu-ft-electric-dryer-in-white-sku-wh46dbh100ewa3/,PASS,NO_AUTOMATED_EXCEPTION,IN_SCOPE,https://images.samsung.com/is/content/samsung/p6pim/us/wh46dbh100ewa3/energyguide/us-energyguide-wh46dbh100ewa3-550160675.pdf,LINKED_UNVERIFIED,608,7.6,PRESENT,PRESENT,PRESENT,,,,NOT_CAPTURED,,,PRESENT,,[Basis] No automated issues found
263,의류건조기,WH46DBH100GWA3,https://www.samsung.com/us/laundry/washer-and-dryer-sets/bespoke-4-6-cu-ft-ai-laundry-hub-large-capacity-single-unit-washer-with-steam-wash-and-7-6-cu-ft-gas-dryer-in-white-sku-wh46dbh100gwa3/,PASS,NO_AUTOMATED_EXCEPTION,IN_SCOPE,https://images.samsung.com/is/content/samsung/p6pim/us/wh46dbh100gwa3/energyguide/us-energyguide-wh46dbh100gwa3-550468704.pdf,LINKED_UNVERIFIED,,7.6,PRESENT,PRESENT,PRESENT,,,,NOT_CAPTURED,,,PRESENT,,[Basis] No automated issues found
264,의류건조기,WH46DBH500EVA3,https://www.samsung.com/us/laundry/washer-and-dryer-sets/stacked-washer-and-dryer-bespoke-4-6-cu-ft-ai-laundry-hub-large-capacity-single-unit-washer-with-flex-auto-dispense-system-and-7-6-cu-ft-electric-dryer-in-brushed-black-sku-wh46dbh500eva3/,PASS,NO_AUTOMATED_EXCEPTION,IN_SCOPE,https://images.samsung.com/is/content/samsung/p6pim/us/wh46dbh500eva3/energyguide/us-energyguide-wh46dbh500eva3-554563680.pdf,LINKED_UNVERIFIED,,5.3,PRESENT,PRESENT,PRESENT,,,,NOT_CAPTURED,,,PRESENT,,[Basis] No automated issues found
265,의류건조기,WH46DBH500GVA3,https://www.samsung.com/us/laundry/washer-and-dryer-sets/stacked-washer-and-dryer-bespoke-4-6-cu-ft-ai-laundry-hub-large-capacity-single-unit-washer-with-flex-auto-dispense-system-and-7-6-cu-ft-gas-dryer-in-brushed-black-sku-wh46dbh500gva3/,PASS,NO_AUTOMATED_EXCEPTION,IN_SCOPE,https://images.samsung.com/is/content/samsung/p6pim/us/wh46dbh500gva3/energyguide/us-energyguide-wh46dbh500gva3-554563726.pdf,LINKED_UNVERIFIED,,5.3,PRESENT,PRESENT,PRESENT,,,,NOT_CAPTURED,,,PRESENT,,[Basis] No automated issues found
266,후드,NK30B3000US/AA,https://www.samsung.com/us/cooking-appliances/range-hoods/30-under-cabinet-hood-in-stainless-steel-sku-nk30b3000us-aa/,PASS,NO_AUTOMATED_EXCEPTION,IN_SCOPE,,MISSING,,,ABSENT,ABSENT,NOT_APPLICABLE,,,,NOT_CAPTURED,,,ABSENT,,[Basis] No automated issues found
267,후드,NK30B3500US/AA,https://www.samsung.com/us/cooking-appliances/range-hoods/30-under-cabinet-hood-in-stainless-steel-sku-nk30b3500us-aa/,PASS,NO_AUTOMATED_EXCEPTION,IN_SCOPE,,MISSING,,,ABSENT,ABSENT,NOT_APPLICABLE,,,,NOT_CAPTURED,,,ABSENT,,[Basis] No automated issues found
268,후드,NK30CB600W12AA,https://www.samsung.com/us/cooking-appliances/range-hoods/30-bespoke-smart-wall-mount-hood-in-clean-white-sku-nk30cb600w12aa/,PASS,NO_AUTOMATED_EXCEPTION,IN_SCOPE,,MISSING,,,ABSENT,ABSENT,NOT_APPLICABLE,,,,NOT_CAPTURED,,,ABSENT,,[Basis] No automated issues found
269,후드,NK30CB600W33AA,https://www.samsung.com/us/cooking-appliances/range-hoods/30-bespoke-smart-wall-mount-hood-in-clean-deep-charcoal-sku-nk30cb600w33aa/,PASS,NO_AUTOMATED_EXCEPTION,IN_SCOPE,,MISSING,,,ABSENT,ABSENT,NOT_APPLICABLE,,,,NOT_CAPTURED,,,ABSENT,,[Basis] No automated issues found
270,후드,NK30CB600WCGAA,https://www.samsung.com/us/cooking-appliances/range-hoods/30-bespoke-smart-wall-mount-hood-in-clean-grey-sku-nk30cb600wcgaa/,PASS,NO_AUTOMATED_EXCEPTION,IN_SCOPE,,MISSING,,,ABSENT,ABSENT,NOT_APPLICABLE,,,,NOT_CAPTURED,,,ABSENT,,[Basis] No automated issues found
271,후드,NK30CB700W12AA,https://www.samsung.com/us/cooking-appliances/range-hoods/wall-mounted-30-bespoke-smart-hood-with-lcd-display-in-clean-white-sku-nk30cb700w12aa/,PASS,NO_AUTOMATED_EXCEPTION,IN_SCOPE,,MISSING,,,ABSENT,ABSENT,NOT_APPLICABLE,,,,NOT_CAPTURED,,,ABSENT,,[Basis] No automated issues found
272,후드,NK30CB700WCGAA,https://www.samsung.com/us/cooking-appliances/range-hoods/wall-mounted-30-bespoke-smart-hood-with-lcd-display-in-clean-grey-sku-nk30cb700wcgaa/,PASS,NO_AUTOMATED_EXCEPTION,IN_SCOPE,,MISSING,,,ABSENT,ABSENT,NOT_APPLICABLE,,,,NOT_CAPTURED,,,ABSENT,,[Basis] No automated issues found
273,후드,NK30N7000US/AA,https://www.samsung.com/us/cooking-appliances/range-hoods/30-under-cabinet-hood-2018-sku-nk30n7000us-aa/,PASS,NO_AUTOMATED_EXCEPTION,IN_SCOPE,,MISSING,,,ABSENT,ABSENT,NOT_APPLICABLE,,,,NOT_CAPTURED,,,ABSENT,,[Basis] No automated issues found
274,후드,NK30R5000WG/AA,https://www.samsung.com/us/cooking-appliances/range-hoods/30-range-hood-sku-nk30r5000wg-aa/,PASS,NO_AUTOMATED_EXCEPTION,IN_SCOPE,,MISSING,,,ABSENT,ABSENT,NOT_APPLICABLE,,,,NOT_CAPTURED,,,ABSENT,,[Basis] No automated issues found
275,후드,NK30R5000WS/AA,https://www.samsung.com/us/cooking-appliances/range-hoods/30-range-hood-sku-nk30r5000ws-aa/,PASS,NO_AUTOMATED_EXCEPTION,IN_SCOPE,,MISSING,,,ABSENT,ABSENT,NOT_APPLICABLE,,,,NOT_CAPTURED,,,ABSENT,,[Basis] No automated issues found
276,후드,NK36CB600WCGAA,https://www.samsung.com/us/cooking-appliances/range-hoods/36-bespoke-smart-wall-mount-hood-in-clean-grey-sku-nk36cb600wcgaa/,PASS,NO_AUTOMATED_EXCEPTION,IN_SCOPE,,MISSING,,,ABSENT,ABSENT,NOT_APPLICABLE,,,,NOT_CAPTURED,,,ABSENT,,[Basis] No automated issues found
277,후드,NK36CB700W12AA,https://www.samsung.com/us/cooking-appliances/range-hoods/wall-mounted-36-bespoke-smart-hood-with-lcd-display-in-clean-white-sku-nk36cb700w12aa/,PASS,NO_AUTOMATED_EXCEPTION,IN_SCOPE,,MISSING,,,ABSENT,ABSENT,NOT_APPLICABLE,,,,NOT_CAPTURED,,,ABSENT,,[Basis] No automated issues found
278,후드,NK36CB700W33AA,https://www.samsung.com/us/cooking-appliances/range-hoods/wall-mounted-36-bespoke-smart-hood-with-lcd-display-in-clean-deep-charcoal-sku-nk36cb700w33aa/,PASS,NO_AUTOMATED_EXCEPTION,IN_SCOPE,,MISSING,,,ABSENT,ABSENT,NOT_APPLICABLE,,,,NOT_CAPTURED,,,ABSENT,,[Basis] No automated issues found
279,후드,NK36CB700WCGAA,https://www.samsung.com/us/cooking-appliances/range-hoods/wall-mounted-36-bespoke-smart-wall-with-lcd-display-in-clean-grey-sku-nk36cb700wcgaa/,PASS,NO_AUTOMATED_EXCEPTION,IN_SCOPE,,MISSING,,,ABSENT,ABSENT,NOT_APPLICABLE,,,,NOT_CAPTURED,,,ABSENT,,[Basis] No automated issues found
280,후드,NK36N7000UG/AA,https://www.samsung.com/us/cooking-appliances/range-hoods/36-under-cabinet-hood-2018-sku-nk36n7000ug-aa/,PASS,NO_AUTOMATED_EXCEPTION,IN_SCOPE,,MISSING,,,ABSENT,ABSENT,NOT_APPLICABLE,,,,NOT_CAPTURED,,,ABSENT,,[Basis] No automated issues found
281,후드,NK36N7000US/AA,https://www.samsung.com/us/cooking-appliances/range-hoods/36-under-cabinet-hood-2018-sku-nk36n7000us-aa/,PASS,NO_AUTOMATED_EXCEPTION,IN_SCOPE,,MISSING,,,ABSENT,ABSENT,NOT_APPLICABLE,,,,NOT_CAPTURED,,,ABSENT,,[Basis] No automated issues found
282,모니터,LC34G55TWWNXZA,https://www.samsung.com/us/monitors/gaming/34-inch-g5-odyssey-gaming-monitor-with-1000r-curved-screen-sku-lc34g55twwnxza/,PASS,NO_AUTOMATED_EXCEPTION,IN_SCOPE,,MISSING,,,ABSENT,ABSENT,NOT_APPLICABLE,,,,NOT_CAPTURED,,,ABSENT,,[Basis] No automated issues found
283,모니터,LF32TU874VNXGO,https://www.samsung.com/us/monitors/flat/32-tu874-series-sku-lf32tu874vnxgo/,PASS,NO_AUTOMATED_EXCEPTION,IN_SCOPE,,MISSING,,,ABSENT,ABSENT,NOT_APPLICABLE,,,,NOT_CAPTURED,,,ABSENT,,[Basis] No automated issues found
284,모니터,LS24D300GANXZA,https://www.samsung.com/us/monitors/smart/24-s3-s30gd-fhd-ips-100hz-monitor-sku-ls24d300ganxza/,PASS,NO_AUTOMATED_EXCEPTION,IN_SCOPE,,MISSING,,,ABSENT,ABSENT,NOT_APPLICABLE,,,,NOT_CAPTURED,,,ABSENT,,[Basis] No automated issues found
285,모니터,LS24D368GANXZA,https://www.samsung.com/us/monitors/curved/24-inch-essential-monitor-s3-s36gd-fhd-sku-ls24d368ganxza/,PASS,NO_AUTOMATED_EXCEPTION,IN_SCOPE,,MISSING,,,ABSENT,ABSENT,NOT_APPLICABLE,,,,NOT_CAPTURED,,,ABSENT,,[Basis] No automated issues found
286,모니터,LS24DG302ENXZA,https://www.samsung.com/us/monitors/gaming/24-inch-odyssey-g3-g30d-fhd-180hz-1ms-gaming-monitor-with-ergonomic-stand-sku-ls24dg302enxza/,PASS,NO_AUTOMATED_EXCEPTION,IN_SCOPE,,MISSING,,,ABSENT,ABSENT,NOT_APPLICABLE,,,,NOT_CAPTURED,,,ABSENT,,[Basis] No automated issues found
287,모니터,LS25BG402ENXGO,https://www.samsung.com/us/monitors/gaming/25-inch-odyssey-g40b-fhd-ips-240hz-1ms-gsync-gaming-monitor-sku-ls25bg402enxgo/,PASS,NO_AUTOMATED_EXCEPTION,IN_SCOPE,,MISSING,,,ABSENT,ABSENT,NOT_APPLICABLE,,,,NOT_CAPTURED,,,ABSENT,,[Basis] No automated issues found
288,모니터,LS27B804PXNXGO,https://www.samsung.com/us/monitors/high-resolution/27-s80pb-series-sku-ls27b804pxnxgo/,LOW,SAMSUNG_ENERGY_STAR_SOURCE_CONFLICT,IN_SCOPE,,MISSING,,,ABSENT,ABSENT,NOT_APPLICABLE,,,,NOT_CAPTURED,,,PRESENT,,"[Basis] SAMSUNG_ENERGY_STAR_SOURCE_CONFLICT
[Mismatch] SAMSUNG_ENERGY_STAR_SOURCE_CONFLICT
[Action] Align ENERGY STAR claims across PDP, PLP and specifications."
289,모니터,LS27C900PANXZA,https://www.samsung.com/us/monitors/flat/27-viewfinity-s9-5k-monitor-with-thunderbolt-4-matte-display-and-smart-features-sku-ls27c900panxza/,PASS,NO_AUTOMATED_EXCEPTION,IN_SCOPE,,MISSING,,,ABSENT,ABSENT,NOT_APPLICABLE,,,,NOT_CAPTURED,,,ABSENT,,[Basis] No automated issues found
290,모니터,LS27CG552ENXZA,https://www.samsung.com/us/monitors/gaming/27-inch-odyssey-g55c-qhd-165hz-1ms-mprt-curved-gaming-monitor-sku-ls27cg552enxza/,PASS,NO_AUTOMATED_EXCEPTION,IN_SCOPE,,MISSING,,,ABSENT,ABSENT,NOT_APPLICABLE,,,,NOT_CAPTURED,,,ABSENT,,[Basis] No automated issues found
291,모니터,LS27D300GANXZA,https://www.samsung.com/us/monitors/smart/27-s3-s30gd-fhd-ips-100hz-monitor-sku-ls27d300ganxza/,PASS,NO_AUTOMATED_EXCEPTION,IN_SCOPE,,MISSING,,,ABSENT,ABSENT,NOT_APPLICABLE,,,,NOT_CAPTURED,,,ABSENT,,[Basis] No automated issues found
292,모니터,LS27D368GANXZA,https://www.samsung.com/us/monitors/curved/27-inch-essential-monitor-s3-s36gd-fhd-sku-ls27d368ganxza/,PASS,NO_AUTOMATED_EXCEPTION,IN_SCOPE,,MISSING,,,ABSENT,ABSENT,NOT_APPLICABLE,,,,NOT_CAPTURED,,,ABSENT,,[Basis] No automated issues found
293,모니터,LS27D396GANXZA,https://www.samsung.com/us/monitors/curved/27-inch-essential-monitor-s3-s39gd-fhd-100hz-1800r-curvature-game-mode-with-speaker-sku-ls27d396ganxza/,PASS,NO_AUTOMATED_EXCEPTION,IN_SCOPE,,MISSING,,,ABSENT,ABSENT,NOT_APPLICABLE,,,,NOT_CAPTURED,,,ABSENT,,[Basis] No automated issues found
294,모니터,LS27D802UANXGO,https://www.samsung.com/us/monitors/high-resolution/27-inch-viewfinity-s8-s80ud-4k-uhd-hdr10-high-resolution-monitor-with-usb-c-and-ergonomic-stand-sku-ls27d802uanxgo/,LOW,SAMSUNG_ENERGY_STAR_SOURCE_CONFLICT,IN_SCOPE,,MISSING,,,ABSENT,ABSENT,NOT_APPLICABLE,,,,NOT_CAPTURED,,,PRESENT,,"[Basis] SAMSUNG_ENERGY_STAR_SOURCE_CONFLICT
[Mismatch] SAMSUNG_ENERGY_STAR_SOURCE_CONFLICT
[Action] Align ENERGY STAR claims across PDP, PLP and specifications."
295,모니터,LS27DG302ENXZA,https://www.samsung.com/us/monitors/gaming/27-inch-odyssey-g3-g30d-fhd-180hz-1ms-gaming-monitor-with-ergonomic-stand-sku-ls27dg302enxza/,PASS,NO_AUTOMATED_EXCEPTION,IN_SCOPE,,MISSING,,,ABSENT,ABSENT,NOT_APPLICABLE,,,,NOT_CAPTURED,,,ABSENT,,[Basis] No automated issues found
296,모니터,LS27DG500ENXZA,https://www.samsung.com/us/monitors/gaming/27-inch-odyssey-g5-g50d-180hz-ips-qhd-sku-ls27dg500enxza/,PASS,NO_AUTOMATED_EXCEPTION,IN_SCOPE,,MISSING,,,ABSENT,ABSENT,NOT_APPLICABLE,,,,NOT_CAPTURED,,,ABSENT,,[Basis] No automated issues found
297,모니터,LS27DG602SNXZA,https://www.samsung.com/us/monitors/gaming/27-inch-odyssey-oled-g6-g60sd-qhd-360hz-03ms-freesync-sku-ls27dg602snxza/,PASS,NO_AUTOMATED_EXCEPTION,IN_SCOPE,,MISSING,,,ABSENT,ABSENT,NOT_APPLICABLE,,,,NOT_CAPTURED,,,ABSENT,,[Basis] No automated issues found
298,모니터,LS27DG610SNXZA,https://www.samsung.com/us/monitors/gaming/27-inch-odyssey-oled-g6-g61sd-qhd-240hz-03ms-g-sync-sku-ls27dg610snxza/,PASS,NO_AUTOMATED_EXCEPTION,IN_SCOPE,,MISSING,,,ABSENT,ABSENT,NOT_APPLICABLE,,,,NOT_CAPTURED,,,ABSENT,,[Basis] No automated issues found
299,모니터,LS27DG702ENXZA,https://www.samsung.com/us/monitors/gaming/27-inch-odyssey-g7-g70d-4k-uhd-ips-144hz-1ms-gtg-smart-gaming-monitor-sku-ls27dg702enxza/,PASS,NO_AUTOMATED_EXCEPTION,IN_SCOPE,,MISSING,,,ABSENT,ABSENT,NOT_APPLICABLE,,,,NOT_CAPTURED,,,ABSENT,,[Basis] No automated issues found
300,모니터,LS27FG500SNXZA,https://www.samsung.com/us/monitors/gaming/27-inch-odyssey-oled-g5-g50sf-qhd-180hz-gaming-monitor-sku-ls27fg500snxza/,PASS,NO_AUTOMATED_EXCEPTION,IN_SCOPE,,MISSING,,,ABSENT,ABSENT,NOT_APPLICABLE,,,,NOT_CAPTURED,,,ABSENT,,[Basis] No automated issues found
301,모니터,LS27FG502ENXZA,https://www.samsung.com/us/monitors/gaming/27-inch-odyssey-g5-g50f-qhd-fast-ips-180hz-gaming-monitor-sku-ls27fg502enxza/,PASS,NO_AUTOMATED_EXCEPTION,IN_SCOPE,,MISSING,,,ABSENT,ABSENT,NOT_APPLICABLE,,,,NOT_CAPTURED,,,ABSENT,,[Basis] No automated issues found
302,모니터,LS27FG532ENXZA,https://www.samsung.com/us/monitors/gaming/27-inch-odyssey-g5-g53f-qhd-ips-200hz-gaming-monitor-sku-ls27fg532enxza/,PASS,NO_AUTOMATED_EXCEPTION,IN_SCOPE,,MISSING,,,ABSENT,ABSENT,NOT_APPLICABLE,,,,NOT_CAPTURED,,,ABSENT,,[Basis] No automated issues found
303,모니터,LS27FG602SNXZA,https://www.samsung.com/us/monitors/gaming/27-inch-odyssey-oled-g6-g60sf-qhd-500hz-gaming-monitor-sku-ls27fg602snxza/,PASS,NO_AUTOMATED_EXCEPTION,IN_SCOPE,,MISSING,,,ABSENT,ABSENT,NOT_APPLICABLE,,,,NOT_CAPTURED,,,ABSENT,,[Basis] No automated issues found
304,모니터,LS27FG60DENXZA,https://www.samsung.com/us/monitors/gaming/27-inch-odyssey-g6-g60f-qhd-350hz-gaming-monitor-sku-ls27fg60denxza/,PASS,NO_AUTOMATED_EXCEPTION,IN_SCOPE,,MISSING,,,ABSENT,ABSENT,NOT_APPLICABLE,,,,NOT_CAPTURED,,,ABSENT,,[Basis] No automated issues found
305,모니터,LS27FG706ENXZA,https://www.samsung.com/us/monitors/gaming/27-inch-odyssey-g7-g70f-fast-ips-dual-mode-4k-180hz-fhd-360hz-gaming-monitor-sku-ls27fg706enxza/,PASS,NO_AUTOMATED_EXCEPTION,IN_SCOPE,,MISSING,,,ABSENT,ABSENT,NOT_APPLICABLE,,,,NOT_CAPTURED,,,ABSENT,,[Basis] No automated issues found
306,모니터,LS27FG810SNXZA,https://www.samsung.com/us/monitors/gaming/27-inch-odyssey-oled-g8-g81sf-4k-240hz-gaming-monitor-sku-ls27fg810snxza/,PASS,NO_AUTOMATED_EXCEPTION,IN_SCOPE,,MISSING,,,ABSENT,ABSENT,NOT_APPLICABLE,,,,NOT_CAPTURED,,,ABSENT,,[Basis] No automated issues found
307,모니터,LS27FG900XNXZA,https://www.samsung.com/us/monitors/gaming/27-inch-odyssey-3d-g90xf-4k-165hz-gaming-monitor-sku-ls27fg900xnxza/,PASS,NO_AUTOMATED_EXCEPTION,IN_SCOPE,,MISSING,,,ABSENT,ABSENT,NOT_APPLICABLE,,,,NOT_CAPTURED,,,ABSENT,,[Basis] No automated issues found
308,모니터,LS27FM502ENXZA,https://www.samsung.com/us/monitors/smart/27-inch-smart-monitor-m5-m50f-fhd-sku-ls27fm502enxza/,PASS,NO_AUTOMATED_EXCEPTION,IN_SCOPE,,MISSING,,,ABSENT,ABSENT,NOT_APPLICABLE,,,,NOT_CAPTURED,,,ABSENT,,[Basis] No automated issues found
309,모니터,LS27FM503ENXZA,https://www.samsung.com/us/monitors/smart/27-inch-smart-monitor-m5-m50f-fhd-sku-ls27fm503enxza/,PASS,NO_AUTOMATED_EXCEPTION,IN_SCOPE,,MISSING,,,ABSENT,ABSENT,NOT_APPLICABLE,,,,NOT_CAPTURED,,,ABSENT,,[Basis] No automated issues found
310,모니터,LS27H70DEANXZA,https://www.samsung.com/us/monitors/high-resolution/27-inch-viewfinity-s7-s70h-4k-high-res-monitor-sku-ls27h70deanxza/,PASS,NO_AUTOMATED_EXCEPTION,IN_SCOPE,,MISSING,,,ABSENT,ABSENT,NOT_APPLICABLE,,,,NOT_CAPTURED,,,ABSENT,,[Basis] No automated issues found
311,모니터,LS27H800EFAXZA,https://www.samsung.com/us/monitors/high-resolution/27-inch-viewfinity-s8-s80hf-5k-high-res-monitor-sku-ls27h800efaxza/,PASS,NO_AUTOMATED_EXCEPTION,IN_SCOPE,,MISSING,,,ABSENT,ABSENT,NOT_APPLICABLE,,,,NOT_CAPTURED,,,ABSENT,,[Basis] No automated issues found
312,모니터,LS27H802UANXZA,https://www.samsung.com/us/monitors/high-resolution/27-inch-viewfinity-s8-s80uh-4k-sku-ls27h802uanxza/,LOW,SAMSUNG_ENERGY_STAR_SOURCE_CONFLICT,IN_SCOPE,,MISSING,,,ABSENT,ABSENT,NOT_APPLICABLE,,,,NOT_CAPTURED,,,PRESENT,,"[Basis] SAMSUNG_ENERGY_STAR_SOURCE_CONFLICT
[Mismatch] SAMSUNG_ENERGY_STAR_SOURCE_CONFLICT
[Action] Align ENERGY STAR claims across PDP, PLP and specifications."
313,모니터,LS27HG612SNXZA,https://www.samsung.com/us/monitors/gaming/27-inch-odyssey-oled-g6-g61sh-qhd-240hz-gaming-monitor-3-year-warranty-sku-ls27hg612snxza/,PASS,NO_AUTOMATED_EXCEPTION,IN_SCOPE,,MISSING,,,ABSENT,ABSENT,NOT_APPLICABLE,,,,NOT_CAPTURED,,,ABSENT,,[Basis] No automated issues found
314,모니터,LS27HG802EFXZA,https://www.samsung.com/us/monitors/gaming/27-inch-odyssey-g8-g80hf-5k-gaming-monitor-sku-ls27hg802efxza/,PASS,NO_AUTOMATED_EXCEPTION,IN_SCOPE,,MISSING,,,ABSENT,ABSENT,NOT_APPLICABLE,,,,NOT_CAPTURED,,,ABSENT,,[Basis] No automated issues found
315,모니터,LS27HG802SNXZA,https://www.samsung.com/us/monitors/gaming/27-inch-odyssey-oled-g8-g80sh-4k-gaming-monitor-sku-ls27hg802snxza/,PASS,NO_AUTOMATED_EXCEPTION,IN_SCOPE,,MISSING,,,ABSENT,ABSENT,NOT_APPLICABLE,,,,NOT_CAPTURED,,,ABSENT,,[Basis] No automated issues found
316,모니터,LS32CG552ENXZA,https://www.samsung.com/us/monitors/gaming/32-inch-odyssey-g55c-qhd-165hz-1ms-mprt-curved-gaming-monitor-sku-ls32cg552enxza/,PASS,NO_AUTOMATED_EXCEPTION,IN_SCOPE,,MISSING,,,ABSENT,ABSENT,NOT_APPLICABLE,,,,NOT_CAPTURED,,,ABSENT,,[Basis] No automated issues found
317,모니터,LS32D396GANXZA,https://www.samsung.com/us/monitors/curved/32-inch-essential-monitor-s3-s39gd-fhd-100hz-1500r-curvature-game-mode-with-speakers-sku-ls32d396ganxza/,PASS,NO_AUTOMATED_EXCEPTION,IN_SCOPE,,MISSING,,,ABSENT,ABSENT,NOT_APPLICABLE,,,,NOT_CAPTURED,,,ABSENT,,[Basis] No automated issues found
318,모니터,LS32D708EBNXGO,https://www.samsung.com/us/monitors/high-resolution/32-inch-viewfinity-s7-s70d-4k-uhd-ips-hdr10-high-resolution-monitor-with-speakers-sku-ls32d708ebnxgo/,LOW,SAMSUNG_ENERGY_STAR_SOURCE_CONFLICT,IN_SCOPE,,MISSING,,,ABSENT,ABSENT,NOT_APPLICABLE,,,,NOT_CAPTURED,,,PRESENT,,"[Basis] SAMSUNG_ENERGY_STAR_SOURCE_CONFLICT
[Mismatch] SAMSUNG_ENERGY_STAR_SOURCE_CONFLICT
[Action] Align ENERGY STAR claims across PDP, PLP and specifications."
319,모니터,LS32D800UBNXGO,https://www.samsung.com/us/monitors/high-resolution/32-inch-viewfinity-s8-4k-uhd-ips-hdr10-monitor-sku-ls32d800ubnxgo/,LOW,SAMSUNG_ENERGY_STAR_SOURCE_CONFLICT,IN_SCOPE,,MISSING,,,ABSENT,ABSENT,NOT_APPLICABLE,,,,NOT_CAPTURED,,,PRESENT,,"[Basis] SAMSUNG_ENERGY_STAR_SOURCE_CONFLICT
[Mismatch] SAMSUNG_ENERGY_STAR_SOURCE_CONFLICT
[Action] Align ENERGY STAR claims across PDP, PLP and specifications."
320,모니터,LS32D804UANXGO,https://www.samsung.com/us/monitors/high-resolution/32-inch-viewfinity-s8-s80ud-4k-uhd-hdr10-high-resolution-monitor-with-usb-c-and-ergonomic-stand-sku-ls32d804uanxgo/,LOW,SAMSUNG_ENERGY_STAR_SOURCE_CONFLICT,IN_SCOPE,,MISSING,,,ABSENT,ABSENT,NOT_APPLICABLE,,,,NOT_CAPTURED,,,PRESENT,,"[Basis] SAMSUNG_ENERGY_STAR_SOURCE_CONFLICT
[Mismatch] SAMSUNG_ENERGY_STAR_SOURCE_CONFLICT
[Action] Align ENERGY STAR claims across PDP, PLP and specifications."
321,모니터,LS32DG302ENXZA,https://www.samsung.com/us/monitors/gaming/32-inch-odyssey-g3-g30d-fhd-180hz-1ms-gaming-monitor-with-ergonomic-stand-sku-ls32dg302enxza/,PASS,NO_AUTOMATED_EXCEPTION,IN_SCOPE,,MISSING,,,ABSENT,ABSENT,NOT_APPLICABLE,,,,NOT_CAPTURED,,,ABSENT,,[Basis] No automated issues found
322,모니터,LS32DG502ENXZA,https://www.samsung.com/us/monitors/gaming/32-inch-odyssey-g5-g50d-180hz-ips-qhd-sku-ls32dg502enxza/,PASS,NO_AUTOMATED_EXCEPTION,IN_SCOPE,,MISSING,,,ABSENT,ABSENT,NOT_APPLICABLE,,,,NOT_CAPTURED,,,ABSENT,,[Basis] No automated issues found
323,모니터,LS32DG702ENXZA,https://www.samsung.com/us/monitors/gaming/32-inch-odyssey-g7-g70d-4k-uhd-ips-144hz-1ms-gtg-smart-gaming-monitor-sku-ls32dg702enxza/,PASS,NO_AUTOMATED_EXCEPTION,IN_SCOPE,,MISSING,,,ABSENT,ABSENT,NOT_APPLICABLE,,,,NOT_CAPTURED,,,ABSENT,,[Basis] No automated issues found
324,모니터,LS32FG502ENXZA,https://www.samsung.com/us/monitors/gaming/32-inch-odyssey-g5-g50f-qhd-fast-ips-180hz-gaming-monitor-sku-ls32fg502enxza/,PASS,NO_AUTOMATED_EXCEPTION,IN_SCOPE,,MISSING,,,ABSENT,ABSENT,NOT_APPLICABLE,,,,NOT_CAPTURED,,,ABSENT,,[Basis] No automated issues found
325,모니터,LS32FG810SNXZA,https://www.samsung.com/us/monitors/gaming/32-inch-odyssey-oled-g8-g81sf-4k-240hz-gaming-monitor-sku-ls32fg810snxza/,PASS,NO_AUTOMATED_EXCEPTION,IN_SCOPE,,MISSING,,,ABSENT,ABSENT,NOT_APPLICABLE,,,,NOT_CAPTURED,,,ABSENT,,[Basis] No automated issues found
326,모니터,LS32FM502ENXZA,https://www.samsung.com/us/monitors/smart/32-inch-smart-monitor-m5-m50f-fhd-sku-ls32fm502enxza/,PASS,NO_AUTOMATED_EXCEPTION,IN_SCOPE,,MISSING,,,ABSENT,ABSENT,NOT_APPLICABLE,,,,NOT_CAPTURED,,,ABSENT,,[Basis] No automated issues found
327,모니터,LS32FM503ENXZA,https://www.samsung.com/us/monitors/smart/32-inch-smart-monitor-m5-m50f-fhd-sku-ls32fm503enxza/,PASS,NO_AUTOMATED_EXCEPTION,IN_SCOPE,,MISSING,,,ABSENT,ABSENT,NOT_APPLICABLE,,,,NOT_CAPTURED,,,ABSENT,,[Basis] No automated issues found
328,모니터,LS32FM701UNXZA,https://www.samsung.com/us/monitors/smart/movingstyle-m7-4k-uhd-smart-monitor-with-adjustable-rolling-stand-sku-ls32fm701unxza/,PASS,NO_AUTOMATED_EXCEPTION,IN_SCOPE,,MISSING,,,ABSENT,ABSENT,NOT_APPLICABLE,,,,NOT_CAPTURED,,,ABSENT,,[Basis] No automated issues found
329,모니터,LS32FM702UNXZA,https://www.samsung.com/us/monitors/smart/32-inch-smart-monitor-m70f-4k-uhd-vision-ai-monitor-sku-ls32fm702unxza/,PASS,NO_AUTOMATED_EXCEPTION,IN_SCOPE,,MISSING,,,ABSENT,ABSENT,NOT_APPLICABLE,,,,NOT_CAPTURED,,,ABSENT,,[Basis] No automated issues found
330,모니터,LS32FM703UNXZA,https://www.samsung.com/us/monitors/smart/32-inch-smart-monitor-m70f-4k-uhd-vision-ai-monitor-sku-ls32fm703unxza/,PASS,NO_AUTOMATED_EXCEPTION,IN_SCOPE,,MISSING,,,ABSENT,ABSENT,NOT_APPLICABLE,,,,NOT_CAPTURED,,,ABSENT,,[Basis] No automated issues found
331,모니터,LS32FM803UNXZA,https://www.samsung.com/us/monitors/smart/32-inch-smart-monitor-m80f-4k-uhd-vision-ai-monitor-sku-ls32fm803unxza/,PASS,NO_AUTOMATED_EXCEPTION,IN_SCOPE,,MISSING,,,ABSENT,ABSENT,NOT_APPLICABLE,,,,NOT_CAPTURED,,,ABSENT,,[Basis] No automated issues found
332,모니터,LS32FM902SNXZA,https://www.samsung.com/us/monitors/smart/32-inch-smart-monitor-m90f-4k-oled-vision-ai-monitor-sku-ls32fm902snxza/,PASS,NO_AUTOMATED_EXCEPTION,IN_SCOPE,,MISSING,,,ABSENT,ABSENT,NOT_APPLICABLE,,,,NOT_CAPTURED,,,ABSENT,,[Basis] No automated issues found
333,모니터,LS32H704EANXZA,https://www.samsung.com/us/monitors/high-resolution/32-inch-viewfinity-s7-s70h-4k-high-res-monitor-sku-ls32h704eanxza/,PASS,NO_AUTOMATED_EXCEPTION,IN_SCOPE,,MISSING,,,ABSENT,ABSENT,NOT_APPLICABLE,,,,NOT_CAPTURED,,,ABSENT,,[Basis] No automated issues found
334,모니터,LS32H802UANXZA,https://www.samsung.com/us/monitors/high-resolution/32-inch-viewfinity-s8-s80uh-4k-sku-ls32h802uanxza/,LOW,SAMSUNG_ENERGY_STAR_SOURCE_CONFLICT,IN_SCOPE,,MISSING,,,ABSENT,ABSENT,NOT_APPLICABLE,,,,NOT_CAPTURED,,,PRESENT,,"[Basis] SAMSUNG_ENERGY_STAR_SOURCE_CONFLICT
[Mismatch] SAMSUNG_ENERGY_STAR_SOURCE_CONFLICT
[Action] Align ENERGY STAR claims across PDP, PLP and specifications."
335,모니터,LS32HG732SNXZA,https://www.samsung.com/us/monitors/gaming/32-inch-odyssey-oled-g7-g73sh-4k-gaming-monitor-sku-ls32hg732snxza/,PASS,NO_AUTOMATED_EXCEPTION,IN_SCOPE,,MISSING,,,ABSENT,ABSENT,NOT_APPLICABLE,,,,NOT_CAPTURED,,,ABSENT,,[Basis] No automated issues found
336,모니터,LS32HG802ESXZA,https://www.samsung.com/us/monitors/gaming/32-inch-odyssey-g8-g80hs-6k-gaming-monitor-sku-ls32hg802esxza/,PASS,NO_AUTOMATED_EXCEPTION,IN_SCOPE,,MISSING,,,ABSENT,ABSENT,NOT_APPLICABLE,,,,NOT_CAPTURED,,,ABSENT,,[Basis] No automated issues found
337,모니터,LS32HG802SNXZA,https://www.samsung.com/us/monitors/gaming/32-inch-odyssey-oled-g8-g80sh-4k-gaming-monitor-sku-ls32hg802snxza/,PASS,NO_AUTOMATED_EXCEPTION,IN_SCOPE,,MISSING,,,ABSENT,ABSENT,NOT_APPLICABLE,,,,NOT_CAPTURED,,,ABSENT,,[Basis] No automated issues found
338,모니터,LS34C502GANXZA,https://www.samsung.com/us/monitors/flat/34-viewfinity-s50gc-ultra-wqhd-100hz-amd-freesync-hdr10-monitor-sku-ls34c502ganxza/,PASS,NO_AUTOMATED_EXCEPTION,IN_SCOPE,,MISSING,,,ABSENT,ABSENT,NOT_APPLICABLE,,,,NOT_CAPTURED,,,ABSENT,,[Basis] No automated issues found
339,모니터,LS34C650TANXGO,https://www.samsung.com/us/monitors/flat/34-viewfinity-s65tc-ultra-wqhd-100hz-amd-freesync-hdr10-curved-monitor-with-thunderbolt-4-and-built-in-speaker-sku-ls34c650tanxgo/,LOW,SAMSUNG_ENERGY_STAR_SOURCE_CONFLICT,IN_SCOPE,,MISSING,,,ABSENT,ABSENT,NOT_APPLICABLE,,,,NOT_CAPTURED,,,PRESENT,,"[Basis] SAMSUNG_ENERGY_STAR_SOURCE_CONFLICT
[Mismatch] SAMSUNG_ENERGY_STAR_SOURCE_CONFLICT
[Action] Align ENERGY STAR claims across PDP, PLP and specifications."
340,모니터,LS34C650UANXGO,https://www.samsung.com/us/monitors/high-resolution/34-inch-viewfinity-s6-s65uc-sku-ls34c650uanxgo/,LOW,SAMSUNG_ENERGY_STAR_SOURCE_CONFLICT,IN_SCOPE,,MISSING,,,ABSENT,ABSENT,NOT_APPLICABLE,,,,NOT_CAPTURED,,,PRESENT,,"[Basis] SAMSUNG_ENERGY_STAR_SOURCE_CONFLICT
[Mismatch] SAMSUNG_ENERGY_STAR_SOURCE_CONFLICT
[Action] Align ENERGY STAR claims across PDP, PLP and specifications."
341,모니터,LS34C650VANXGO,https://www.samsung.com/us/monitors/flat/34-viewfinity-s65vc-ultra-wqhd-100hz-amd-freesync-hdr10-curved-monitor-with-usb-c-speakers-and-built-in-camera-sku-ls34c650vanxgo/,LOW,SAMSUNG_ENERGY_STAR_SOURCE_CONFLICT,IN_SCOPE,,MISSING,,,ABSENT,ABSENT,NOT_APPLICABLE,,,,NOT_CAPTURED,,,PRESENT,,"[Basis] SAMSUNG_ENERGY_STAR_SOURCE_CONFLICT
[Mismatch] SAMSUNG_ENERGY_STAR_SOURCE_CONFLICT
[Action] Align ENERGY STAR claims across PDP, PLP and specifications."
342,모니터,LS34DG856SNXZA,https://www.samsung.com/us/monitors/gaming/34-inch-odyssey-oled-g8-g85sd-ultra-wqhd-175hz-03ms-g-sync-sku-ls34dg856snxza/,PASS,NO_AUTOMATED_EXCEPTION,IN_SCOPE,,MISSING,,,ABSENT,ABSENT,NOT_APPLICABLE,,,,NOT_CAPTURED,,,ABSENT,,[Basis] No automated issues found
343,모니터,LS37D700EANXZA,https://www.samsung.com/us/monitors/flat/37-inch-viewfinity-s7-s70d-4k-uhd-hdr10-high-resolution-monitor-sku-ls37d700eanxza/,LOW,SAMSUNG_ENERGY_STAR_SOURCE_CONFLICT,IN_SCOPE,,MISSING,,,ABSENT,ABSENT,NOT_APPLICABLE,,,,NOT_CAPTURED,,,PRESENT,,"[Basis] SAMSUNG_ENERGY_STAR_SOURCE_CONFLICT
[Mismatch] SAMSUNG_ENERGY_STAR_SOURCE_CONFLICT
[Action] Align ENERGY STAR claims across PDP, PLP and specifications."
344,모니터,LS37D800UANXZA,https://www.samsung.com/us/monitors/high-resolution/37-inch-viewfinity-s8-s80ud-4k-uhd-hdr10-high-resolution-monitor-with-usb-c-and-ergonomic-stand-sku-ls37d800uanxza/,LOW,SAMSUNG_ENERGY_STAR_SOURCE_CONFLICT,IN_SCOPE,,MISSING,,,ABSENT,ABSENT,NOT_APPLICABLE,,,,NOT_CAPTURED,,,PRESENT,,"[Basis] SAMSUNG_ENERGY_STAR_SOURCE_CONFLICT
[Mismatch] SAMSUNG_ENERGY_STAR_SOURCE_CONFLICT
[Action] Align ENERGY STAR claims across PDP, PLP and specifications."
345,모니터,LS37FG75DENXZA,https://www.samsung.com/us/monitors/gaming/37-inch-odyssey-g7-g75f-4k-165hz-curved-gaming-montior-sku-ls37fg75denxza/,PASS,NO_AUTOMATED_EXCEPTION,IN_SCOPE,,MISSING,,,ABSENT,ABSENT,NOT_APPLICABLE,,,,NOT_CAPTURED,,,ABSENT,,[Basis] No automated issues found
346,모니터,LS40FG75DENXZA,https://www.samsung.com/us/monitors/gaming/40-inch-odyssey-g7-g75f-wuhd-180hz-curved-gaming-monitor-sku-ls40fg75denxza/,PASS,NO_AUTOMATED_EXCEPTION,IN_SCOPE,,MISSING,,,ABSENT,ABSENT,NOT_APPLICABLE,,,,NOT_CAPTURED,,,ABSENT,,[Basis] No automated issues found
347,모니터,LS40H850TANXZA,https://www.samsung.com/us/monitors/high-resolution/40-inch-viewfinity-s8-s85th-5k-high-resolution-monitor-sku-ls40h850tanxza/,LOW,SAMSUNG_ENERGY_STAR_SOURCE_CONFLICT,IN_SCOPE,,MISSING,,,ABSENT,ABSENT,NOT_APPLICABLE,,,,NOT_CAPTURED,,,PRESENT,,"[Basis] SAMSUNG_ENERGY_STAR_SOURCE_CONFLICT
[Mismatch] SAMSUNG_ENERGY_STAR_SOURCE_CONFLICT
[Action] Align ENERGY STAR claims across PDP, PLP and specifications."
348,모니터,LS43FM702UNXZA,https://www.samsung.com/us/monitors/smart/43-inch-smart-monitor-m70f-4k-uhd-vision-ai-monitor-sku-ls43fm702unxza/,PASS,NO_AUTOMATED_EXCEPTION,IN_SCOPE,,MISSING,,,ABSENT,ABSENT,NOT_APPLICABLE,,,,NOT_CAPTURED,,,ABSENT,,[Basis] No automated issues found
349,모니터,LS43FM703UNXZA,https://www.samsung.com/us/monitors/smart/43-inch-smart-monitor-m70f-4k-uhd-vision-ai-monitor-sku-ls43fm703unxza/,PASS,NO_AUTOMATED_EXCEPTION,IN_SCOPE,,MISSING,,,ABSENT,ABSENT,NOT_APPLICABLE,,,,NOT_CAPTURED,,,ABSENT,,[Basis] No automated issues found
350,모니터,LS43FM70YUNXZA,https://www.samsung.com/us/monitors/smart/43-inch-the-movingstyle-essential-4k-uhd-smart-monitor-with-adjustable-rolling-stand-sku-ls43fm70yunxza/,PASS,NO_AUTOMATED_EXCEPTION,IN_SCOPE,,MISSING,,,ABSENT,ABSENT,NOT_APPLICABLE,,,,NOT_CAPTURED,,,ABSENT,,[Basis] No automated issues found
351,모니터,LS49CG954ENXZA,https://www.samsung.com/us/monitors/gaming/49-inch-odyssey-g9-dqhd-240hz-1ms-gtg-displayhdr-1000-gaming-monitor-sku-ls49cg954enxza/,PASS,NO_AUTOMATED_EXCEPTION,IN_SCOPE,,MISSING,,,ABSENT,ABSENT,NOT_APPLICABLE,,,,NOT_CAPTURED,,,ABSENT,,[Basis] No automated issues found
352,모니터,LS49DG910SNXZA,https://www.samsung.com/us/monitors/gaming/49-inch-odyssey-oled-g9-g91sd-dual-qhd-144hz-03ms-g-sync-sku-ls49dg910snxza/,PASS,NO_AUTOMATED_EXCEPTION,IN_SCOPE,,MISSING,,,ABSENT,ABSENT,NOT_APPLICABLE,,,,NOT_CAPTURED,,,ABSENT,,[Basis] No automated issues found
353,모니터,LS49DG956SNXGO,https://www.samsung.com/us/monitors/gaming/49-inch-odyssey-oled-g9-g95sd-dual-qhd-240hz-03ms-g-sync-sku-ls49dg956snxgo/,PASS,NO_AUTOMATED_EXCEPTION,IN_SCOPE,,MISSING,,,ABSENT,ABSENT,NOT_APPLICABLE,,,,NOT_CAPTURED,,,ABSENT,,[Basis] No automated issues found
354,모니터,LS49FG910ENXZA,https://www.samsung.com/us/monitors/gaming/49-inch-odyssey-g9-g91f-dqhd-144hz-gaming-monitor-sku-ls49fg910enxza/,PASS,NO_AUTOMATED_EXCEPTION,IN_SCOPE,,MISSING,,,ABSENT,ABSENT,NOT_APPLICABLE,,,,NOT_CAPTURED,,,ABSENT,,[Basis] No automated issues found
355,모니터,LS55CG970NNXGO,https://www.samsung.com/us/monitors/gaming/55-inch-odyssey-ark-2nd-gen-4k-uhd-165hz-1ms-quantum-mini-led-curved-gaming-screen-sku-ls55cg970nnxgo/,PASS,NO_AUTOMATED_EXCEPTION,IN_SCOPE,,MISSING,,,ABSENT,ABSENT,NOT_APPLICABLE,,,,NOT_CAPTURED,,,ABSENT,,[Basis] No automated issues found
356,모니터,LS57CG952NNXZA,https://www.samsung.com/us/monitors/gaming/57-inch-odyssey-neo-g9-dual-4k-uhd-quantum-mini-led-240hz-1ms-hdr-1000-curved-gaming-monitor-sku-ls57cg952nnxza/,PASS,NO_AUTOMATED_EXCEPTION,IN_SCOPE,,MISSING,,,ABSENT,ABSENT,NOT_APPLICABLE,,,,NOT_CAPTURED,,,ABSENT,,[Basis] No automated issues found
357,모니터,LU32J590UQNXZA,https://www.samsung.com/us/monitors/flat/32-uj590-uhd-monitor-sku-lu32j590uqnxza/,PASS,NO_AUTOMATED_EXCEPTION,IN_SCOPE,,MISSING,,,ABSENT,ABSENT,NOT_APPLICABLE,,,,NOT_CAPTURED,,,ABSENT,,[Basis] No automated issues found
358,컴퓨터,NP740VJG-KA1US,https://www.samsung.com/us/computers/galaxy-book/galaxy-book6-series/buy/galaxy-book6-16-intel-core-ultra-5-512gb-gray-sku-np740vjg-ka1us/,PASS,NO_AUTOMATED_EXCEPTION,IN_SCOPE,,MISSING,,61.2,PRESENT,PRESENT,NOT_APPLICABLE,,,,NOT_CAPTURED,,,PRESENT,,[Basis] No automated issues found
359,컴퓨터,NP740VJG-KG2US,https://www.samsung.com/us/computers/galaxy-book/galaxy-book6-series/buy/galaxy-book6-16-intel-core-ultra-7-512gb-gray-sku-np740vjg-kg2us/,PASS,NO_AUTOMATED_EXCEPTION,IN_SCOPE,,MISSING,,61.2,PRESENT,PRESENT,NOT_APPLICABLE,,,,NOT_CAPTURED,,,PRESENT,,[Basis] No automated issues found
360,컴퓨터,NP750QHA-KA1US,https://www.samsung.com/us/computing/galaxy-books/galaxy-book5-series/buy/galaxy-book5-360-15-6-intel-core-ultra-7-512gb-gray-sku-np750qha-ka1us/,PASS,NO_AUTOMATED_EXCEPTION,IN_SCOPE,,MISSING,,68.1,PRESENT,PRESENT,NOT_APPLICABLE,,,,NOT_CAPTURED,,,PRESENT,,[Basis] No automated issues found
361,컴퓨터,NP750XHD-KB1US,https://www.samsung.com/us/computing/galaxy-books/galaxy-book5-series/buy/galaxy-book5-15-6-intel-core-ultra-7-512gb-silver-sku-np750xhd-kb1us/,LOW,SAMSUNG_ENERGY_STAR_SOURCE_CONFLICT,IN_SCOPE,,MISSING,,61.2,ABSENT,ABSENT,NOT_APPLICABLE,,,,NOT_CAPTURED,,,PRESENT,,"[Basis] SAMSUNG_ENERGY_STAR_SOURCE_CONFLICT
[Mismatch] SAMSUNG_ENERGY_STAR_SOURCE_CONFLICT
[Action] Align ENERGY STAR claims across PDP, PLP and specifications."
362,컴퓨터,NP750XQB-KA2US,https://www.samsung.com/us/computing/galaxy-books/galaxy-book4-edge/buy/galaxy-book4-edge-15-6-qualcomm-snapdragon-x-512gb-sapphire-blue-a-copilot-pc-sku-np750xqb-ka2us/,PASS,NO_AUTOMATED_EXCEPTION,IN_SCOPE,,MISSING,,61.2,PRESENT,PRESENT,NOT_APPLICABLE,,,,NOT_CAPTURED,,,PRESENT,,[Basis] No automated issues found
363,컴퓨터,NP760VJG-KA1US,https://www.samsung.com/us/computers/galaxy-book/galaxy-book6-series/buy/galaxy-book6-16-intel-core-ultra-5-512gb-gray-sku-np760vjg-ka1us/,PASS,NO_AUTOMATED_EXCEPTION,IN_SCOPE,,MISSING,,61.2,PRESENT,PRESENT,NOT_APPLICABLE,,,,NOT_CAPTURED,,,PRESENT,,[Basis] No automated issues found
364,컴퓨터,NP760VJG-KG2US,https://www.samsung.com/us/computers/galaxy-book/galaxy-book6-series/buy/galaxy-book6-16-intel-core-ultra-7-1tb-gray-sku-np760vjg-kg2us/,LOW,SAMSUNG_ENERGY_STAR_SOURCE_CONFLICT,IN_SCOPE,,MISSING,,61.2,ABSENT,ABSENT,NOT_APPLICABLE,,,,NOT_CAPTURED,,,PRESENT,,"[Basis] SAMSUNG_ENERGY_STAR_SOURCE_CONFLICT
[Mismatch] SAMSUNG_ENERGY_STAR_SOURCE_CONFLICT
[Action] Align ENERGY STAR claims across PDP, PLP and specifications."
365,컴퓨터,NP760XJG-KG2US,https://www.samsung.com/us/computers/galaxy-book/galaxy-book6-series/buy/galaxy-book6-16-intel-core-ultra-7-355-512gb-gray-sku-np760xjg-kg2us/,LOW,SAMSUNG_ENERGY_STAR_SOURCE_CONFLICT,IN_SCOPE,,MISSING,,61.2,ABSENT,ABSENT,NOT_APPLICABLE,,,,NOT_CAPTURED,,,PRESENT,,"[Basis] SAMSUNG_ENERGY_STAR_SOURCE_CONFLICT
[Mismatch] SAMSUNG_ENERGY_STAR_SOURCE_CONFLICT
[Action] Align ENERGY STAR claims across PDP, PLP and specifications."
366,컴퓨터,NP940XJG-KG1US,https://www.samsung.com/us/computers/galaxy-book/galaxy-book6-series/buy/galaxy-book6-pro-14-intel-core-ultra-7-1tb-gray-sku-np940xjg-kg1us/,PASS,NO_AUTOMATED_EXCEPTION,IN_SCOPE,,MISSING,,67.18,PRESENT,PRESENT,NOT_APPLICABLE,,,,NOT_CAPTURED,,,PRESENT,,[Basis] No automated issues found
367,컴퓨터,NP940XJG-KG2US,https://www.samsung.com/us/computers/galaxy-book/galaxy-book6-series/buy/galaxy-book6-pro-14-intel-core-ultra-7-512gb-gray-sku-np940xjg-kg2us/,PASS,NO_AUTOMATED_EXCEPTION,IN_SCOPE,,MISSING,,67.18,PRESENT,PRESENT,NOT_APPLICABLE,,,,NOT_CAPTURED,,,PRESENT,,[Basis] No automated issues found
368,컴퓨터,NP960QHA-KG1US,https://www.samsung.com/us/computing/galaxy-books/galaxy-book5-series/buy/galaxy-book5-pro-360-16-intel-core-ultra-7-1tb-gray-sku-np960qha-kg1us/,LOW,SAMSUNG_ENERGY_STAR_SOURCE_CONFLICT,IN_SCOPE,,MISSING,,76.1,ABSENT,ABSENT,NOT_APPLICABLE,,,,NOT_CAPTURED,,,PRESENT,,"[Basis] SAMSUNG_ENERGY_STAR_SOURCE_CONFLICT
[Mismatch] SAMSUNG_ENERGY_STAR_SOURCE_CONFLICT
[Action] Align ENERGY STAR claims across PDP, PLP and specifications."
369,컴퓨터,NP960UJG-KG2US,https://www.samsung.com/us/computers/galaxy-book/galaxy-book6-series/buy/galaxy-book6-ultra-16-intel-core-ultra-x7-1tb-gray-sku-np960ujg-kg2us/,PASS,NO_AUTOMATED_EXCEPTION,IN_SCOPE,,MISSING,,80.2,PRESENT,PRESENT,NOT_APPLICABLE,,,,NOT_CAPTURED,,,PRESENT,,[Basis] No automated issues found
370,컴퓨터,NP960UJH-XG2US,https://www.samsung.com/us/computers/galaxy-book/galaxy-book6-series/buy/galaxy-book6-ultra-16-intel-core-ultra-7-1tb-gray-sku-np960ujh-xg2us/,PASS,NO_AUTOMATED_EXCEPTION,IN_SCOPE,,MISSING,,80.2,PRESENT,PRESENT,NOT_APPLICABLE,,,,NOT_CAPTURED,,,PRESENT,,[Basis] No automated issues found
371,컴퓨터,NP960UJH-XG3US,https://www.samsung.com/us/computers/galaxy-book/galaxy-book6-series/buy/galaxy-book6-ultra-16-intel-core-ultra-7-1tb-gray-sku-np960ujh-xg3us/,PASS,NO_AUTOMATED_EXCEPTION,IN_SCOPE,,MISSING,,80.2,PRESENT,PRESENT,NOT_APPLICABLE,,,,NOT_CAPTURED,,,PRESENT,,[Basis] No automated issues found
372,컴퓨터,NP960UJH-XG7US,https://www.samsung.com/us/computers/galaxy-book/galaxy-book6-series/buy/galaxy-book6-ultra-16-intel-core-ultra-9-2tb-gray-sku-np960ujh-xg7us/,PASS,NO_AUTOMATED_EXCEPTION,IN_SCOPE,,MISSING,,80.2,PRESENT,PRESENT,NOT_APPLICABLE,,,,NOT_CAPTURED,,,PRESENT,,[Basis] No automated issues found
373,컴퓨터,NP960UJH-XG8US,https://www.samsung.com/us/computers/galaxy-book/galaxy-book6-series/buy/galaxy-book6-ultra-16-intel-core-ultra-9-1tb-gray-sku-np960ujh-xg8us/,PASS,NO_AUTOMATED_EXCEPTION,IN_SCOPE,,MISSING,,80.2,PRESENT,PRESENT,NOT_APPLICABLE,,,,NOT_CAPTURED,,,PRESENT,,[Basis] No automated issues found
374,컴퓨터,NP960XGL-XG1US,https://www.samsung.com/us/computing/galaxy-books/galaxy-book4-series/buy/galaxy-book4-ultra-16-inch-ultra-9-32gb-1tb-sku-np960xgl-xg1us/,PASS,NO_AUTOMATED_EXCEPTION,IN_SCOPE,,MISSING,,,PRESENT,PRESENT,NOT_APPLICABLE,,,,NOT_CAPTURED,,,PRESENT,,[Basis] No automated issues found
375,컴퓨터,NP960XGL-XG2US,https://www.samsung.com/us/computing/galaxy-books/galaxy-book4-series/buy/galaxy-book4-ultra-16-inch-ultra-7-16gb-1tb-sku-np960xgl-xg2us/,PASS,NO_AUTOMATED_EXCEPTION,IN_SCOPE,,MISSING,,76,PRESENT,PRESENT,NOT_APPLICABLE,,,,NOT_CAPTURED,,,PRESENT,,[Basis] No automated issues found
376,컴퓨터,NP960XJG-KA1US,https://www.samsung.com/us/computers/galaxy-book/galaxy-book6-series/buy/galaxy-book6-pro-16-intel-core-ultra-7-1tb-gray-sku-np960xjg-ka1us/,LOW,SAMSUNG_ENERGY_STAR_SOURCE_CONFLICT,IN_SCOPE,,MISSING,,78.07,ABSENT,ABSENT,NOT_APPLICABLE,,,,NOT_CAPTURED,,,PRESENT,,"[Basis] SAMSUNG_ENERGY_STAR_SOURCE_CONFLICT
[Mismatch] SAMSUNG_ENERGY_STAR_SOURCE_CONFLICT
[Action] Align ENERGY STAR claims across PDP, PLP and specifications."
377,컴퓨터,NP960XJG-KA2US,https://www.samsung.com/us/computers/galaxy-book/galaxy-book6-series/buy/galaxy-book6-pro-16-intel-core-ultra-7-1tb-gray-sku-np960xjg-ka2us/,PASS,NO_AUTOMATED_EXCEPTION,IN_SCOPE,,MISSING,,78.07,PRESENT,PRESENT,NOT_APPLICABLE,,,,NOT_CAPTURED,,,PRESENT,,[Basis] No automated issues found
378,컴퓨터,NP960XJG-KG1US,https://www.samsung.com/us/computers/galaxy-book/galaxy-book6-series/buy/galaxy-book6-pro-16-intel-core-ultra-x7-1tb-gray-sku-np960xjg-kg1us/,PASS,NO_AUTOMATED_EXCEPTION,IN_SCOPE,,MISSING,,78.07,PRESENT,PRESENT,NOT_APPLICABLE,,,,NOT_CAPTURED,,,PRESENT,,[Basis] No automated issues found
379,컴퓨터,NP960XMB-KB1US,https://www.samsung.com/us/computing/galaxy-books/galaxy-book4-edge/buy/galaxy-book4-edge-16-qualcomm-snapdragon-x-elite-1tb-sapphire-blue-sku-np960xmb-kb1us/,PASS,NO_AUTOMATED_EXCEPTION,IN_SCOPE,,MISSING,,61.8,PRESENT,PRESENT,NOT_APPLICABLE,,,,NOT_CAPTURED,,,PRESENT,,[Basis] No automated issues found
380,컴퓨터,NP960XRD-KB1US,https://www.samsung.com/us/computers/galaxy-book/galaxy-book6-edge/buy/galaxy-book6-edge-16-snapdragon-x2-elite-1tb-gray-blue-sku-np960xrd-kb1us/,PASS,NO_AUTOMATED_EXCEPTION,IN_SCOPE,,MISSING,,61.8,PRESENT,PRESENT,NOT_APPLICABLE,,,,NOT_CAPTURED,,,PRESENT,,[Basis] No automated issues found
381,컴퓨터,XE550XGA-KC1US,https://www.samsung.com/us/computing/chromebooks/galaxy-chromebook-plus/buy/galaxy-chromebook-plus-15-6-intel-core-3-256gb-neptune-blue-sku-xe550xga-kc1us/,PASS,NO_AUTOMATED_EXCEPTION,IN_SCOPE,,MISSING,,68,PRESENT,PRESENT,NOT_APPLICABLE,,,,NOT_CAPTURED,,,PRESENT,,[Basis] No automated issues found
382,TV,MRN100R85HFXZA,https://www.samsung.com/us/tvs/micro-rgb/100-inch-micro-rgb-4k-tv-r85h-sku-mrn100r85hfxza/,PASS,NO_AUTOMATED_EXCEPTION,IN_SCOPE,https://images.samsung.com/is/content/samsung/p6pim/us/mrn100r85hfxza/energyguide/us-energyguide-mrn100r85hfxza-553896213.pdf,LINKED_UNVERIFIED,,,ABSENT,ABSENT,NOT_APPLICABLE,MRN100R85HF,,,NOT_CAPTURED,,,ABSENT,,"[Basis] No automated issues found
[Comparison]
  Model: OCR=MRN100R85HF; PDP=MRN100R85HFXZA; assessment=not assessed"
383,TV,MRN115MR95FXZA,https://www.samsung.com/us/tvs/micro-rgb/115-inch-class-micro-rgb-4k-tv-sku-mrn115mr95fxza/,PASS,NO_AUTOMATED_EXCEPTION,IN_SCOPE,https://images.samsung.com/is/content/samsung/p6pim/us/mrn115mr95fxza/energyguide/us-energyguide-mrn115mr95fxza-549743894.pdf,LINKED_UNVERIFIED,,,ABSENT,ABSENT,NOT_APPLICABLE,MRN115MR95F,,,NOT_CAPTURED,,,ABSENT,,"[Basis] No automated issues found
[Comparison]
  Model: OCR=MRN115MR95F; PDP=MRN115MR95FXZA; assessment=not assessed"
384,TV,MRN55R85HAFXZA,https://www.samsung.com/us/tvs/micro-rgb/55-inch-micro-rgb-4k-tv-r85h-sku-mrn55r85hafxza/,PASS,NO_AUTOMATED_EXCEPTION,IN_SCOPE,https://images.samsung.com/is/content/samsung/p6pim/us/mrn55r85hafxza/energyguide/us-energyguide-mrn55r85hafxza-551648294.pdf,LINKED_UNVERIFIED,,,ABSENT,ABSENT,NOT_APPLICABLE,MRN55R85HAF,,,NOT_CAPTURED,,,ABSENT,,"[Basis] No automated issues found
[Comparison]
  Model: OCR=MRN55R85HAF; PDP=MRN55R85HAFXZA; assessment=not assessed"
385,TV,MRN65R85HAFXZA,https://www.samsung.com/us/tvs/micro-rgb/65-inch-micro-rgb-4k-tv-r85h-sku-mrn65r85hafxza/,PASS,NO_AUTOMATED_EXCEPTION,IN_SCOPE,https://images.samsung.com/is/content/samsung/p6pim/us/mrn65r85hafxza/energyguide/us-energyguide-mrn65r85hafxza-551648323.pdf,LINKED_UNVERIFIED,,,ABSENT,ABSENT,NOT_APPLICABLE,MRN65R85HAF,,,NOT_CAPTURED,,,ABSENT,,"[Basis] No automated issues found
[Comparison]
  Model: OCR=MRN65R85HAF; PDP=MRN65R85HAFXZA; assessment=not assessed"
386,TV,MRN65R95HAFXZA,https://www.samsung.com/us/tvs/micro-rgb/65-inch-micro-rgb-4k-tv-r95h-sku-mrn65r95hafxza/,PASS,NO_AUTOMATED_EXCEPTION,IN_SCOPE,https://images.samsung.com/is/content/samsung/p6pim/us/mrn65r95hafxza/energyguide/us-energyguide-mrn65r95hafxza-551616741.pdf,LINKED_UNVERIFIED,,,ABSENT,ABSENT,NOT_APPLICABLE,MRN65R95HAF,,,NOT_CAPTURED,,,ABSENT,,"[Basis] No automated issues found
[Comparison]
  Model: OCR=MRN65R95HAF; PDP=MRN65R95HAFXZA; assessment=not assessed"
387,TV,MRN75R85HAFXZA,https://www.samsung.com/us/tvs/micro-rgb/75-inch-micro-rgb-4k-tv-r85h-sku-mrn75r85hafxza/,PASS,NO_AUTOMATED_EXCEPTION,IN_SCOPE,https://images.samsung.com/is/content/samsung/p6pim/us/mrn75r85hafxza/energyguide/us-energyguide-mrn75r85hafxza-551648356.pdf,LINKED_UNVERIFIED,,,ABSENT,ABSENT,NOT_APPLICABLE,MRN75R85HAF,,,NOT_CAPTURED,,,ABSENT,,"[Basis] No automated issues found
[Comparison]
  Model: OCR=MRN75R85HAF; PDP=MRN75R85HAFXZA; assessment=not assessed"
388,TV,MRN75R95HAFXZA,https://www.samsung.com/us/tvs/micro-rgb/75-inch-micro-rgb-4k-tv-r95h-sku-mrn75r95hafxza/,PASS,NO_AUTOMATED_EXCEPTION,IN_SCOPE,https://images.samsung.com/is/content/samsung/p6pim/us/mrn75r95hafxza/energyguide/us-energyguide-mrn75r95hafxza-551652054.pdf,LINKED_UNVERIFIED,,,ABSENT,ABSENT,NOT_APPLICABLE,MRN75R95HAF,,,NOT_CAPTURED,,,ABSENT,,"[Basis] No automated issues found
[Comparison]
  Model: OCR=MRN75R95HAF; PDP=MRN75R95HAFXZA; assessment=not assessed"
389,TV,MRN85R85HAFXZA,https://www.samsung.com/us/tvs/micro-rgb/85-inch-micro-rgb-4k-tv-r85h-sku-mrn85r85hafxza/,PASS,NO_AUTOMATED_EXCEPTION,IN_SCOPE,https://images.samsung.com/is/content/samsung/p6pim/us/mrn85r85hafxza/energyguide/us-energyguide-mrn85r85hafxza-551648380.pdf,LINKED_UNVERIFIED,,,ABSENT,ABSENT,NOT_APPLICABLE,MRN85R85HAF,,,NOT_CAPTURED,,,ABSENT,,"[Basis] No automated issues found
[Comparison]
  Model: OCR=MRN85R85HAF; PDP=MRN85R85HAFXZA; assessment=not assessed"
390,TV,MRN85R95HAFXZA,https://www.samsung.com/us/tvs/micro-rgb/85-inch-micro-rgb-4k-tv-r95h-sku-mrn85r95hafxza/,PASS,NO_AUTOMATED_EXCEPTION,IN_SCOPE,https://images.samsung.com/is/content/samsung/p6pim/us/mrn85r95hafxza/energyguide/us-energyguide-mrn85r95hafxza-551652079.pdf,LINKED_UNVERIFIED,,,ABSENT,ABSENT,NOT_APPLICABLE,MRN85R95HAF,,,NOT_CAPTURED,,,ABSENT,,"[Basis] No automated issues found
[Comparison]
  Model: OCR=MRN85R95HAF; PDP=MRN85R95HAFXZA; assessment=not assessed"
391,TV,QN100QN80FFXZA,https://www.samsung.com/us/tvs/neo-qled/100-class-neo-qled-4k-tv-qn80f-sku-qn100qn80ffxza/,PASS,NO_AUTOMATED_EXCEPTION,IN_SCOPE,https://images.samsung.com/is/content/samsung/p6pim/us/qn100qn80ffxza/energyguide/us-energyguide-qn100qn80ffxza-546752248.pdf,LINKED_UNVERIFIED,,,ABSENT,ABSENT,NOT_APPLICABLE,QN100QN80FF,,,NOT_CAPTURED,,,ABSENT,,"[Basis] No automated issues found
[Comparison]
  Model: OCR=QN100QN80FF; PDP=QN100QN80FFXZA; assessment=not assessed"
392,TV,QN100QN80HFXZA,https://www.samsung.com/us/tvs/qled-tv/100-inch-neo-qled-4k-tv-qn80h-sku-qn100qn80hfxza/,PASS,NO_AUTOMATED_EXCEPTION,IN_SCOPE,https://images.samsung.com/is/content/samsung/p6pim/us/qn100qn80hfxza/energyguide/us-energyguide-qn100qn80hfxza-551480582.pdf,LINKED_UNVERIFIED,,,ABSENT,ABSENT,NOT_APPLICABLE,QN100QN80HF,,,NOT_CAPTURED,,,ABSENT,,"[Basis] No automated issues found
[Comparison]
  Model: OCR=QN100QN80HF; PDP=QN100QN80HFXZA; assessment=not assessed"
393,TV,QN115QN90FFXZA,https://www.samsung.com/us/tvs/neo-qled/115-class-neo-qled-4k-tv-qn90f-sku-qn115qn90ffxza/,PASS,NO_AUTOMATED_EXCEPTION,IN_SCOPE,https://images.samsung.com/is/content/samsung/p6pim/us/qn115qn90ffxza/energyguide/us-energyguide-qn115qn90ffxza-548575139.pdf,LINKED_UNVERIFIED,,,PRESENT,PRESENT,NOT_APPLICABLE,QN115QN90FF,,,NOT_CAPTURED,,,PRESENT,,"[Basis] No automated issues found
[Comparison]
  Model: OCR=QN115QN90FF; PDP=QN115QN90FFXZA; assessment=not assessed"
394,TV,QN32Q8FAAFXZA,https://www.samsung.com/us/tvs/qled-tv/32-inch-qled-q8f-4k-tv-sku-qn32q8faafxza/,PASS,NO_AUTOMATED_EXCEPTION,IN_SCOPE,https://images.samsung.com/is/content/samsung/p6pim/us/qn32q8faafxza/energyguide/us-energyguide-qn32q8faafxza-547306318.pdf,LINKED_UNVERIFIED,,,ABSENT,ABSENT,NOT_APPLICABLE,QN32Q8FAAF,,,NOT_CAPTURED,,,ABSENT,,"[Basis] No automated issues found
[Comparison]
  Model: OCR=QN32Q8FAAF; PDP=QN32Q8FAAFXZA; assessment=not assessed"
395,TV,QN42S90FAEXZA,https://www.samsung.com/us/tvs/oled-tv/42-class-oled-tvs90f-sku-qn42s90faexza/,PASS,NO_AUTOMATED_EXCEPTION,IN_SCOPE,https://images.samsung.com/is/content/samsung/p6pim/us/qn42s90faexza/energyguide/us-energyguide-qn42s90faexza-547921109.pdf,LINKED_UNVERIFIED,,,PRESENT,PRESENT,NOT_APPLICABLE,QN42S90FAE,,,NOT_CAPTURED,,,PRESENT,,"[Basis] No automated issues found
[Comparison]
  Model: OCR=QN42S90FAE; PDP=QN42S90FAEXZA; assessment=not assessed"
396,TV,QN42S90HAEXZA,https://www.samsung.com/us/tvs/oled-tv/42-inch-oled-4k-tv-s90h-sku-qn42s90haexza/,PASS,NO_AUTOMATED_EXCEPTION,IN_SCOPE,https://images.samsung.com/is/content/samsung/p6pim/us/qn42s90haexza/energyguide/us-energyguide-qn42s90haexza-551688288.pdf,LINKED_UNVERIFIED,,,PRESENT,PRESENT,NOT_APPLICABLE,QN42S90HAE,,,NOT_CAPTURED,,,PRESENT,,"[Basis] No automated issues found
[Comparison]
  Model: OCR=QN42S90HAE; PDP=QN42S90HAEXZA; assessment=not assessed"
397,TV,QN43LS03FAFXZA,https://www.samsung.com/us/lifestyle-tvs/the-frame/43-inch-the-frame-qled-4k-tv-ls03fa-sku-qn43ls03fafxza/,PASS,NO_AUTOMATED_EXCEPTION,IN_SCOPE,https://images.samsung.com/is/content/samsung/p6pim/us/qn43ls03fafxza/energyguide/us-energyguide-qn43ls03fafxza-547938939.pdf,LINKED_UNVERIFIED,,,ABSENT,ABSENT,NOT_APPLICABLE,QN43LS03FAF,,,NOT_CAPTURED,,,ABSENT,,"[Basis] No automated issues found
[Comparison]
  Model: OCR=QN43LS03FAF; PDP=QN43LS03FAFXZA; assessment=not assessed"
398,TV,QN43Q7FAAFXZA,https://www.samsung.com/us/tvs/qled-tv/43-class-qled-tv-q7f-sku-qn43q7faafxza/,PASS,NO_AUTOMATED_EXCEPTION,IN_SCOPE,https://images.samsung.com/is/content/samsung/p6pim/us/qn43q7faafxza/energyguide/us-energyguide-qn43q7faafxza-547956692.pdf,LINKED_UNVERIFIED,,,ABSENT,ABSENT,NOT_APPLICABLE,QN43Q7FAAF,,,NOT_CAPTURED,,,ABSENT,,"[Basis] No automated issues found
[Comparison]
  Model: OCR=QN43Q7FAAF; PDP=QN43Q7FAAFXZA; assessment=not assessed"
399,TV,QN43Q8FAAFXZA,https://www.samsung.com/us/tvs/qled-tv/43-inch-qled-q8f-4k-tv-sku-qn43q8faafxza/,PASS,NO_AUTOMATED_EXCEPTION,IN_SCOPE,https://images.samsung.com/is/content/samsung/p6pim/us/qn43q8faafxza/energyguide/us-energyguide-qn43q8faafxza-547306321.pdf,LINKED_UNVERIFIED,,,ABSENT,ABSENT,NOT_APPLICABLE,QN43Q8FAAF,,,NOT_CAPTURED,,,ABSENT,,"[Basis] No automated issues found
[Comparison]
  Model: OCR=QN43Q8FAAF; PDP=QN43Q8FAAFXZA; assessment=not assessed"
400,TV,QN43QEF1AFXZA,https://www.samsung.com/us/tvs/qled-tv/43-class-qled-4k-tv-qef1-sku-qn43qef1afxza/,PASS,NO_AUTOMATED_EXCEPTION,IN_SCOPE,https://images.samsung.com/is/content/samsung/p6pim/us/qn43qef1afxza/energyguide/us-energyguide-qn43qef1afxza-547264642.pdf,LINKED_UNVERIFIED,,,ABSENT,ABSENT,NOT_APPLICABLE,QN43QEF1AF,,,NOT_CAPTURED,,,ABSENT,,"[Basis] No automated issues found
[Comparison]
  Model: OCR=QN43QEF1AF; PDP=QN43QEF1AFXZA; assessment=not assessed"
401,TV,QN43QN70HAFXZA,https://www.samsung.com/us/tvs/qled-tv/43-inch-neo-qled-4k-qn70h-sku-qn43qn70hafxza/,PASS,NO_AUTOMATED_EXCEPTION,IN_SCOPE,https://images.samsung.com/is/content/samsung/p6pim/us/qn43qn70hafxza/energyguide/us-energyguide-qn43qn70hafxza-551504691.pdf,LINKED_UNVERIFIED,,,ABSENT,ABSENT,NOT_APPLICABLE,QN43QN70HAF,,,NOT_CAPTURED,,,ABSENT,,"[Basis] No automated issues found
[Comparison]
  Model: OCR=QN43QN70HAF; PDP=QN43QN70HAFXZA; assessment=not assessed"
402,TV,QN43QN90FAFXZA,https://www.samsung.com/us/tvs/neo-qled/43-class-neo-qled-4k-tv-qn90f-sku-qn43qn90fafxza/,PASS,NO_AUTOMATED_EXCEPTION,IN_SCOPE,https://images.samsung.com/is/content/samsung/p6pim/us/qn43qn90fafxza/energyguide/us-energyguide-qn43qn90fafxza-547866453.pdf,LINKED_UNVERIFIED,,,PRESENT,PRESENT,NOT_APPLICABLE,QN43QN90FAF,,,NOT_CAPTURED,,,PRESENT,,"[Basis] No automated issues found
[Comparison]
  Model: OCR=QN43QN90FAF; PDP=QN43QN90FAFXZA; assessment=not assessed"
403,TV,QN48S85HAEXZA,https://www.samsung.com/us/tvs/oled-tv/48-inch-oled-4k-tv-s85h-sku-qn48s85haexza/,PASS,NO_AUTOMATED_EXCEPTION,IN_SCOPE,https://images.samsung.com/is/content/samsung/p6pim/us/qn48s85haexza/energyguide/us-energyguide-qn48s85haexza-551719308.pdf,LINKED_UNVERIFIED,,,PRESENT,PRESENT,NOT_APPLICABLE,QN48S85HAE,,,NOT_CAPTURED,,,PRESENT,,"[Basis] No automated issues found
[Comparison]
  Model: OCR=QN48S85HAE; PDP=QN48S85HAEXZA; assessment=not assessed"
404,TV,QN48S90FAEXZA,https://www.samsung.com/us/tvs/oled-tv/48-class-oled-tvs90f-sku-qn48s90faexza/,PASS,NO_AUTOMATED_EXCEPTION,IN_SCOPE,https://images.samsung.com/is/content/samsung/p6pim/us/qn48s90faexza/energyguide/us-energyguide-qn48s90faexza-547921112.pdf,LINKED_UNVERIFIED,,,PRESENT,PRESENT,NOT_APPLICABLE,QN48S90FAE,,,NOT_CAPTURED,,,PRESENT,,"[Basis] No automated issues found
[Comparison]
  Model: OCR=QN48S90FAE; PDP=QN48S90FAEXZA; assessment=not assessed"
405,TV,QN48S90HAEXZA,https://www.samsung.com/us/tvs/oled-tv/48-inch-oled-4k-tv-s90h-sku-qn48s90haexza/,PASS,NO_AUTOMATED_EXCEPTION,IN_SCOPE,https://images.samsung.com/is/content/samsung/p6pim/us/qn48s90haexza/energyguide/us-energyguide-qn48s90haexza-551688177.pdf,LINKED_UNVERIFIED,,,PRESENT,PRESENT,NOT_APPLICABLE,QN48S90HAE,,,NOT_CAPTURED,,,PRESENT,,"[Basis] No automated issues found
[Comparison]
  Model: OCR=QN48S90HAE; PDP=QN48S90HAEXZA; assessment=not assessed"
406,TV,QN50LS03FAFXZA,https://www.samsung.com/us/lifestyle-tvs/the-frame/50-inch-the-frame-qled-4k-tv-ls03fa-sku-qn50ls03fafxza/,PASS,NO_AUTOMATED_EXCEPTION,IN_SCOPE,https://images.samsung.com/is/content/samsung/p6pim/us/qn50ls03fafxza/energyguide/us-energyguide-qn50ls03fafxza-547938945.pdf,LINKED_UNVERIFIED,,,ABSENT,ABSENT,NOT_APPLICABLE,QN50LS03FAF,,,NOT_CAPTURED,,,ABSENT,,"[Basis] No automated issues found
[Comparison]
  Model: OCR=QN50LS03FAF; PDP=QN50LS03FAFXZA; assessment=not assessed"
407,TV,QN50Q7FAAFXZA,https://www.samsung.com/us/tvs/qled-tv/50-class-qled-tv-q7f-sku-qn50q7faafxza/,PASS,NO_AUTOMATED_EXCEPTION,IN_SCOPE,https://images.samsung.com/is/content/samsung/p6pim/us/qn50q7faafxza/energyguide/us-energyguide-qn50q7faafxza-547956695.pdf,LINKED_UNVERIFIED,,,ABSENT,ABSENT,NOT_APPLICABLE,QN50Q7FAAF,,,NOT_CAPTURED,,,ABSENT,,"[Basis] No automated issues found
[Comparison]
  Model: OCR=QN50Q7FAAF; PDP=QN50Q7FAAFXZA; assessment=not assessed"
408,TV,QN50Q8FAAFXZA,https://www.samsung.com/us/tvs/qled-tv/50-inch-qled-q8f-4k-tv-sku-qn50q8faafxza/,PASS,NO_AUTOMATED_EXCEPTION,IN_SCOPE,https://images.samsung.com/is/content/samsung/p6pim/us/qn50q8faafxza/energyguide/us-energyguide-qn50q8faafxza-547306323.pdf,LINKED_UNVERIFIED,,,ABSENT,ABSENT,NOT_APPLICABLE,QN50Q8FAAF,,,NOT_CAPTURED,,,ABSENT,,"[Basis] No automated issues found
[Comparison]
  Model: OCR=QN50Q8FAAF; PDP=QN50Q8FAAFXZA; assessment=not assessed"
409,TV,QN50QEF1AFXZA,https://www.samsung.com/us/tvs/qled-tv/50-class-qled-4k-tv-qef1-sku-qn50qef1afxza/,PASS,NO_AUTOMATED_EXCEPTION,IN_SCOPE,https://images.samsung.com/is/content/samsung/p6pim/us/qn50qef1afxza/energyguide/us-energyguide-qn50qef1afxza-554762662.pdf,LINKED_UNVERIFIED,,,ABSENT,ABSENT,NOT_APPLICABLE,QN50QEF1AF,,,NOT_CAPTURED,,,ABSENT,,"[Basis] No automated issues found
[Comparison]
  Model: OCR=QN50QEF1AF; PDP=QN50QEF1AFXZA; assessment=not assessed"
410,TV,QN50QN70HAFXZA,https://www.samsung.com/us/tvs/qled-tv/50-inch-neo-qled-4k-qn70h-sku-qn50qn70hafxza/,PASS,NO_AUTOMATED_EXCEPTION,IN_SCOPE,https://images.samsung.com/is/content/samsung/p6pim/us/qn50qn70hafxza/energyguide/us-energyguide-qn50qn70hafxza-551504696.pdf,LINKED_UNVERIFIED,,,ABSENT,ABSENT,NOT_APPLICABLE,QN50QN70HAF,,,NOT_CAPTURED,,,ABSENT,,"[Basis] No automated issues found
[Comparison]
  Model: OCR=QN50QN70HAF; PDP=QN50QN70HAFXZA; assessment=not assessed"
411,TV,QN50QN90FAFXZA,https://www.samsung.com/us/tvs/neo-qled/50-class-neo-qled-4k-tv-qn90f-sku-qn50qn90fafxza/,PASS,NO_AUTOMATED_EXCEPTION,IN_SCOPE,https://images.samsung.com/is/content/samsung/p6pim/us/qn50qn90fafxza/energyguide/us-energyguide-qn50qn90fafxza-547866311.pdf,LINKED_UNVERIFIED,,,PRESENT,PRESENT,NOT_APPLICABLE,QN50QN90FAF,,,NOT_CAPTURED,,,PRESENT,,"[Basis] No automated issues found
[Comparison]
  Model: OCR=QN50QN90FAF; PDP=QN50QN90FAFXZA; assessment=not assessed"
412,TV,QN55LS03FAFXZA,https://www.samsung.com/us/lifestyle-tvs/the-frame/55-inch-the-frame-qled-4k-tv-ls03fa-sku-qn55ls03fafxza/,PASS,NO_AUTOMATED_EXCEPTION,IN_SCOPE,https://images.samsung.com/is/content/samsung/p6pim/us/qn55ls03fafxza/energyguide/us-energyguide-qn55ls03fafxza-547939142.pdf,LINKED_UNVERIFIED,,,ABSENT,ABSENT,NOT_APPLICABLE,QN55LS03FAF,,,NOT_CAPTURED,,,ABSENT,,"[Basis] No automated issues found
[Comparison]
  Model: OCR=QN55LS03FAF; PDP=QN55LS03FAFXZA; assessment=not assessed"
413,TV,QN55LS03HEFXZA,https://www.samsung.com/us/lifestyle-tvs/the-frame/55-inch-the-frame-qled-4k-tv-ls03he-sku-qn55ls03hefxza/,PASS,NO_AUTOMATED_EXCEPTION,IN_SCOPE,https://images.samsung.com/is/content/samsung/p6pim/us/qn55ls03hefxza/energyguide/us-energyguide-qn55ls03hefxza-552228699.pdf,LINKED_UNVERIFIED,,,ABSENT,ABSENT,NOT_APPLICABLE,QN55LS03HEF,,,NOT_CAPTURED,,,ABSENT,,"[Basis] No automated issues found
[Comparison]
  Model: OCR=QN55LS03HEF; PDP=QN55LS03HEFXZA; assessment=not assessed"
414,TV,QN55LS03HWFXZA,https://www.samsung.com/us/lifestyle-tvs/the-frame/55-inch-the-frame-pro-neo-qled-4k-tv-ls03hw-sku-qn55ls03hwfxza/,PASS,NO_AUTOMATED_EXCEPTION,IN_SCOPE,https://images.samsung.com/is/content/samsung/p6pim/us/qn55ls03hwfxza/energyguide/us-energyguide-qn55ls03hwfxza-551527248.pdf,LINKED_UNVERIFIED,,,ABSENT,ABSENT,NOT_APPLICABLE,QN55LS03HWF,,,NOT_CAPTURED,,,ABSENT,,"[Basis] No automated issues found
[Comparison]
  Model: OCR=QN55LS03HWF; PDP=QN55LS03HWFXZA; assessment=not assessed"
415,TV,QN55LST7DAFXZA,https://www.samsung.com/us/lifestyle-tvs/the-terrace/55-class-the-terrace-partial-sun-samsung-neo-qled-4k-lst7d-sku-qn55lst7dafxza/,PASS,NO_AUTOMATED_EXCEPTION,IN_SCOPE,https://images.samsung.com/is/content/samsung/p6pim/us/qn55lst7dafxza/energyguide/us-energyguide-qn55lst7dafxza-550400858.pdf,LINKED_UNVERIFIED,,,ABSENT,ABSENT,NOT_APPLICABLE,QN55LST7DAF,,,NOT_CAPTURED,,,ABSENT,,"[Basis] No automated issues found
[Comparison]
  Model: OCR=QN55LST7DAF; PDP=QN55LST7DAFXZA; assessment=not assessed"
416,TV,QN55Q6FAAFXZA,https://www.samsung.com/us/tvs/qled-tv/55-inch-class-qled-4k-tv-sku-qn55q6faafxza/,PASS,NO_AUTOMATED_EXCEPTION,IN_SCOPE,https://images.samsung.com/is/content/samsung/p6pim/us/qn55q6faafxza/energyguide/us-energyguide-qn55q6faafxza-548898817.pdf,LINKED_UNVERIFIED,,,ABSENT,ABSENT,NOT_APPLICABLE,QN55Q6FAAF,,,NOT_CAPTURED,,,ABSENT,,"[Basis] No automated issues found
[Comparison]
  Model: OCR=QN55Q6FAAF; PDP=QN55Q6FAAFXZA; assessment=not assessed"
417,TV,QN55Q7FAAFXZA,https://www.samsung.com/us/tvs/qled-tv/55-class-qled-tv-q7f-sku-qn55q7faafxza/,PASS,NO_AUTOMATED_EXCEPTION,IN_SCOPE,https://images.samsung.com/is/content/samsung/p6pim/us/qn55q7faafxza/energyguide/us-energyguide-qn55q7faafxza-547956714.pdf,LINKED_UNVERIFIED,,,ABSENT,ABSENT,NOT_APPLICABLE,QN55Q7FAAF,,,NOT_CAPTURED,,,ABSENT,,"[Basis] No automated issues found
[Comparison]
  Model: OCR=QN55Q7FAAF; PDP=QN55Q7FAAFXZA; assessment=not assessed"
418,TV,QN55Q8FAAFXZA,https://www.samsung.com/us/tvs/qled-tv/55-inch-qled-q8f-4k-tv-sku-qn55q8faafxza/,PASS,NO_AUTOMATED_EXCEPTION,IN_SCOPE,https://images.samsung.com/is/content/samsung/p6pim/us/qn55q8faafxza/energyguide/us-energyguide-qn55q8faafxza-547306331.pdf,LINKED_UNVERIFIED,,,ABSENT,ABSENT,NOT_APPLICABLE,QN55Q8FAAF,,,NOT_CAPTURED,,,ABSENT,,"[Basis] No automated issues found
[Comparison]
  Model: OCR=QN55Q8FAAF; PDP=QN55Q8FAAFXZA; assessment=not assessed"
419,TV,QN55QEF1AFXZA,https://www.samsung.com/us/tvs/qled-tv/55-class-qled-4k-tv-qef1-sku-qn55qef1afxza/,PASS,NO_AUTOMATED_EXCEPTION,IN_SCOPE,https://images.samsung.com/is/content/samsung/p6pim/us/qn55qef1afxza/energyguide/us-energyguide-qn55qef1afxza-547068172.pdf,LINKED_UNVERIFIED,,,ABSENT,ABSENT,NOT_APPLICABLE,QN55QEF1AF,,,NOT_CAPTURED,,,ABSENT,,"[Basis] No automated issues found
[Comparison]
  Model: OCR=QN55QEF1AF; PDP=QN55QEF1AFXZA; assessment=not assessed"
420,TV,QN55QN1EFAFXZA,https://www.samsung.com/us/tvs/neo-qled/55-inch-neo-qled-4k-qn1ef-vision-ai-smart-tv-sku-qn55qn1efafxza/,PASS,NO_AUTOMATED_EXCEPTION,IN_SCOPE,https://images.samsung.com/is/content/samsung/p6pim/us/qn55qn1efafxza/energyguide/us-energyguide-qn55qn1efafxza-547829758.pdf,LINKED_UNVERIFIED,,,ABSENT,ABSENT,NOT_APPLICABLE,QN55QN1EFAF,,,NOT_CAPTURED,,,ABSENT,,"[Basis] No automated issues found
[Comparison]
  Model: OCR=QN55QN1EFAF; PDP=QN55QN1EFAFXZA; assessment=not assessed"
421,TV,QN55QN70FAFXZA,https://www.samsung.com/us/tvs/neo-qled/55-class-neo-qled-4k-tv-qn70f-sku-qn55qn70fafxza/,PASS,NO_AUTOMATED_EXCEPTION,IN_SCOPE,https://images.samsung.com/is/content/samsung/p6pim/us/qn55qn70fafxza/energyguide/us-energyguide-qn55qn70fafxza-547921124.pdf,LINKED_UNVERIFIED,,,ABSENT,ABSENT,NOT_APPLICABLE,QN55QN70FAF,,,NOT_CAPTURED,,,ABSENT,,"[Basis] No automated issues found
[Comparison]
  Model: OCR=QN55QN70FAF; PDP=QN55QN70FAFXZA; assessment=not assessed"
422,TV,QN55QN70HAFXZA,https://www.samsung.com/us/tvs/qled-tv/55-inch-neo-qled-4k-qn70h-sku-qn55qn70hafxza/,PASS,NO_AUTOMATED_EXCEPTION,IN_SCOPE,https://images.samsung.com/is/content/samsung/p6pim/us/qn55qn70hafxza/energyguide/us-energyguide-qn55qn70hafxza-551504699.pdf,LINKED_UNVERIFIED,,,ABSENT,ABSENT,NOT_APPLICABLE,QN55QN70HAF,,,NOT_CAPTURED,,,ABSENT,,"[Basis] No automated issues found
[Comparison]
  Model: OCR=QN55QN70HAF; PDP=QN55QN70HAFXZA; assessment=not assessed"
423,TV,QN55QN80FAFXZA,https://www.samsung.com/us/tvs/neo-qled/55-class-neo-qled-4k-tv-qn80f-sku-qn55qn80fafxza/,PASS,NO_AUTOMATED_EXCEPTION,IN_SCOPE,https://images.samsung.com/is/content/samsung/p6pim/us/qn55qn80fafxza/energyguide/us-energyguide-qn55qn80fafxza-551059173.pdf,LINKED_UNVERIFIED,,,ABSENT,ABSENT,NOT_APPLICABLE,QN55QN80FAF,,,NOT_CAPTURED,,,ABSENT,,"[Basis] No automated issues found
[Comparison]
  Model: OCR=QN55QN80FAF; PDP=QN55QN80FAFXZA; assessment=not assessed"
424,TV,QN55QN80HAFXZA,https://www.samsung.com/us/tvs/qled-tv/55-inch-neo-qled-4k-tv-qn80h-sku-qn55qn80hafxza/,PASS,NO_AUTOMATED_EXCEPTION,IN_SCOPE,https://images.samsung.com/is/content/samsung/p6pim/us/qn55qn80hafxza/energyguide/us-energyguide-qn55qn80hafxza-551478601.pdf,LINKED_UNVERIFIED,,,ABSENT,ABSENT,NOT_APPLICABLE,QN55QN80HAF,,,NOT_CAPTURED,,,ABSENT,,"[Basis] No automated issues found
[Comparison]
  Model: OCR=QN55QN80HAF; PDP=QN55QN80HAFXZA; assessment=not assessed"
425,TV,QN55QN90FAFXZA,https://www.samsung.com/us/tvs/neo-qled/55-class-neo-qled-4k-tv-qn90f-sku-qn55qn90fafxza/,PASS,NO_AUTOMATED_EXCEPTION,IN_SCOPE,https://images.samsung.com/is/content/samsung/p6pim/us/qn55qn90fafxza/energyguide/us-energyguide-qn55qn90fafxza-547866180.pdf,LINKED_UNVERIFIED,,,PRESENT,PRESENT,NOT_APPLICABLE,QN55QN90FAF,,,NOT_CAPTURED,,,PRESENT,,"[Basis] No automated issues found
[Comparison]
  Model: OCR=QN55QN90FAF; PDP=QN55QN90FAFXZA; assessment=not assessed"
426,TV,QN55S84FAFXZA,https://www.samsung.com/us/tvs/oled-tv/55-class-oled-tv-s84f-sku-qn55s84fafxza/,PASS,NO_AUTOMATED_EXCEPTION,IN_SCOPE,https://images.samsung.com/is/content/samsung/p6pim/us/qn55s84fafxza/energyguide/us-energyguide-qn55s84fafxza-551237081.pdf,LINKED_UNVERIFIED,,,PRESENT,PRESENT,NOT_APPLICABLE,QN55S84FAF,,,NOT_CAPTURED,,,PRESENT,,"[Basis] No automated issues found
[Comparison]
  Model: OCR=QN55S84FAF; PDP=QN55S84FAFXZA; assessment=not assessed"
427,TV,QN55S85FAFXZA,https://www.samsung.com/us/tvs/oled-tv/55-class-oled-tvs85f-sku-qn55s85fafxza/,PASS,NO_AUTOMATED_EXCEPTION,IN_SCOPE,https://images.samsung.com/is/content/samsung/p6pim/us/qn55s85fafxza/energyguide/us-energyguide-qn55s85fafxza-545818461.pdf,LINKED_UNVERIFIED,,,PRESENT,PRESENT,NOT_APPLICABLE,QN55S85FAF,,,NOT_CAPTURED,,,PRESENT,,"[Basis] No automated issues found
[Comparison]
  Model: OCR=QN55S85FAF; PDP=QN55S85FAFXZA; assessment=not assessed"
428,TV,QN55S85HAEXZA,https://www.samsung.com/us/tvs/oled-tv/55-inch-oled-4k-tv-s85h-sku-qn55s85haexza/,PASS,NO_AUTOMATED_EXCEPTION,IN_SCOPE,https://images.samsung.com/is/content/samsung/p6pim/us/qn55s85haexza/energyguide/us-energyguide-qn55s85haexza-551719858.pdf,LINKED_UNVERIFIED,,,PRESENT,PRESENT,NOT_APPLICABLE,QN55S85HAE,,,NOT_CAPTURED,,,PRESENT,,"[Basis] No automated issues found
[Comparison]
  Model: OCR=QN55S85HAE; PDP=QN55S85HAEXZA; assessment=not assessed"
429,TV,QN55S90FAFXZA,https://www.samsung.com/us/tvs/oled-tv/55-class-oled-tvs90f-sku-qn55s90fafxza/,PASS,NO_AUTOMATED_EXCEPTION,IN_SCOPE,https://images.samsung.com/is/content/samsung/p6pim/us/qn55s90fafxza/energyguide/us-energyguide-qn55s90fafxza-547921114.pdf,LINKED_UNVERIFIED,,,PRESENT,PRESENT,NOT_APPLICABLE,QN55S90FAF,,,NOT_CAPTURED,,,PRESENT,,"[Basis] No automated issues found
[Comparison]
  Model: OCR=QN55S90FAF; PDP=QN55S90FAFXZA; assessment=not assessed"
430,TV,QN55S90HAEXZA,https://www.samsung.com/us/tvs/oled-tv/55-inch-oled-4k-tv-s90h-sku-qn55s90haexza/,PASS,NO_AUTOMATED_EXCEPTION,IN_SCOPE,https://images.samsung.com/is/content/samsung/p6pim/us/qn55s90haexza/energyguide/us-energyguide-qn55s90haexza-551687154.pdf,LINKED_UNVERIFIED,,,PRESENT,PRESENT,NOT_APPLICABLE,QN55S90HAE,,,NOT_CAPTURED,,,PRESENT,,"[Basis] No automated issues found
[Comparison]
  Model: OCR=QN55S90HAE; PDP=QN55S90HAEXZA; assessment=not assessed"
431,TV,QN55S95HAFXZA,https://www.samsung.com/us/tvs/oled-tv/55-inch-oled-4k-tv-s95h-sku-qn55s95hafxza/,PASS,NO_AUTOMATED_EXCEPTION,IN_SCOPE,https://images.samsung.com/is/content/samsung/p6pim/us/qn55s95hafxza/energyguide/us-energyguide-qn55s95hafxza-551644760.pdf,LINKED_UNVERIFIED,,,PRESENT,PRESENT,NOT_APPLICABLE,QN55S95HAF,,,NOT_CAPTURED,,,PRESENT,,"[Basis] No automated issues found
[Comparison]
  Model: OCR=QN55S95HAF; PDP=QN55S95HAFXZA; assessment=not assessed"
432,TV,QN65LS03FAFXZA,https://www.samsung.com/us/lifestyle-tvs/the-frame/65-inch-the-frame-qled-4k-tv-ls03fa-sku-qn65ls03fafxza/,PASS,NO_AUTOMATED_EXCEPTION,IN_SCOPE,https://images.samsung.com/is/content/samsung/p6pim/us/qn65ls03fafxza/energyguide/us-energyguide-qn65ls03fafxza-547939146.pdf,LINKED_UNVERIFIED,,,ABSENT,ABSENT,NOT_APPLICABLE,QN65LS03FAF,,,NOT_CAPTURED,,,ABSENT,,"[Basis] No automated issues found
[Comparison]
  Model: OCR=QN65LS03FAF; PDP=QN65LS03FAFXZA; assessment=not assessed"
433,TV,QN65LS03FWFXZA,https://www.samsung.com/us/lifestyle-tvs/the-frame/65-inch-class-the-frame-pro-neo-qled-4k-tv-ls03fw-sku-qn65ls03fwfxza/,PASS,NO_AUTOMATED_EXCEPTION,IN_SCOPE,https://images.samsung.com/is/content/samsung/p6pim/us/qn65ls03fwfxza/energyguide/us-energyguide-qn65ls03fwfxza-547938338.pdf,LINKED_UNVERIFIED,,,ABSENT,ABSENT,NOT_APPLICABLE,QN65LS03FWF,,,NOT_CAPTURED,,,ABSENT,,"[Basis] No automated issues found
[Comparison]
  Model: OCR=QN65LS03FWF; PDP=QN65LS03FWFXZA; assessment=not assessed"
434,TV,QN65LS03HEFXZA,https://www.samsung.com/us/lifestyle-tvs/the-frame/65-inch-the-frame-qled-4k-tv-ls03he-sku-qn65ls03hefxza/,PASS,NO_AUTOMATED_EXCEPTION,IN_SCOPE,https://images.samsung.com/is/content/samsung/p6pim/us/qn65ls03hefxza/energyguide/us-energyguide-qn65ls03hefxza-552228697.pdf,LINKED_UNVERIFIED,,,ABSENT,ABSENT,NOT_APPLICABLE,QN65LS03HEF,,,NOT_CAPTURED,,,ABSENT,,"[Basis] No automated issues found
[Comparison]
  Model: OCR=QN65LS03HEF; PDP=QN65LS03HEFXZA; assessment=not assessed"
435,TV,QN65LS03HWFXZA,https://www.samsung.com/us/lifestyle-tvs/the-frame/65-inch-the-frame-pro-neo-qled-4k-tv-ls03hw-sku-qn65ls03hwfxza/,PASS,NO_AUTOMATED_EXCEPTION,IN_SCOPE,https://images.samsung.com/is/content/samsung/p6pim/us/qn65ls03hwfxza/energyguide/us-energyguide-qn65ls03hwfxza-551527252.pdf,LINKED_UNVERIFIED,,,ABSENT,ABSENT,NOT_APPLICABLE,QN65LS03HWF,,,NOT_CAPTURED,,,ABSENT,,"[Basis] No automated issues found
[Comparison]
  Model: OCR=QN65LS03HWF; PDP=QN65LS03HWFXZA; assessment=not assessed"
436,TV,QN65LST7DAFXZA,https://www.samsung.com/us/lifestyle-tvs/the-terrace/65-class-the-terrace-partial-sun-samsung-neo-qled-4k-lst7d-sku-qn65lst7dafxza/,PASS,NO_AUTOMATED_EXCEPTION,IN_SCOPE,https://images.samsung.com/is/content/samsung/p6pim/us/qn65lst7dafxza/energyguide/us-energyguide-qn65lst7dafxza-550401002.pdf,LINKED_UNVERIFIED,,,ABSENT,ABSENT,NOT_APPLICABLE,QN65LST7DAF,,,NOT_CAPTURED,,,ABSENT,,"[Basis] No automated issues found
[Comparison]
  Model: OCR=QN65LST7DAF; PDP=QN65LST7DAFXZA; assessment=not assessed"
437,TV,QN65LST9DAFXZA,https://www.samsung.com/us/lifestyle-tvs/the-terrace/65-class-the-terrace-full-sun-samsung-neo-qled-4k-lst9d-sku-qn65lst9dafxza/,PASS,NO_AUTOMATED_EXCEPTION,IN_SCOPE,https://images.samsung.com/is/content/samsung/p6pim/us/qn65lst9dafxza/energyguide/us-energyguide-qn65lst9dafxza-551038136.pdf,LINKED_UNVERIFIED,,,ABSENT,ABSENT,NOT_APPLICABLE,QN65LST9DAF,,,NOT_CAPTURED,,,ABSENT,,"[Basis] No automated issues found
[Comparison]
  Model: OCR=QN65LST9DAF; PDP=QN65LST9DAFXZA; assessment=not assessed"
438,TV,QN65Q6FAAFXZA,https://www.samsung.com/us/tvs/qled-tv/65-inch-class-qled-4k-tv-sku-qn65q6faafxza/,PASS,NO_AUTOMATED_EXCEPTION,IN_SCOPE,https://images.samsung.com/is/content/samsung/p6pim/us/qn65q6faafxza/energyguide/us-energyguide-qn65q6faafxza-548898909.pdf,LINKED_UNVERIFIED,,,ABSENT,ABSENT,NOT_APPLICABLE,QN65Q6FAAF,,,NOT_CAPTURED,,,ABSENT,,"[Basis] No automated issues found
[Comparison]
  Model: OCR=QN65Q6FAAF; PDP=QN65Q6FAAFXZA; assessment=not assessed"
439,TV,QN65Q7FAAFXZA,https://www.samsung.com/us/tvs/qled-tv/65-class-qled-tv-q7f-sku-qn65q7faafxza/,PASS,NO_AUTOMATED_EXCEPTION,IN_SCOPE,https://images.samsung.com/is/content/samsung/p6pim/us/qn65q7faafxza/energyguide/us-energyguide-qn65q7faafxza-547956703.pdf,LINKED_UNVERIFIED,,,ABSENT,ABSENT,NOT_APPLICABLE,QN65Q7FAAF,,,NOT_CAPTURED,,,ABSENT,,"[Basis] No automated issues found
[Comparison]
  Model: OCR=QN65Q7FAAF; PDP=QN65Q7FAAFXZA; assessment=not assessed"
440,TV,QN65Q8FAAFXZA,https://www.samsung.com/us/tvs/qled-tv/65-inch-qled-q8f-4k-tv-sku-qn65q8faafxza/,PASS,NO_AUTOMATED_EXCEPTION,IN_SCOPE,https://images.samsung.com/is/content/samsung/p6pim/us/qn65q8faafxza/energyguide/us-energyguide-qn65q8faafxza-547306335_10149517929132.pdf,LINKED_UNVERIFIED,,,ABSENT,ABSENT,NOT_APPLICABLE,QN65Q8FAAF,,,NOT_CAPTURED,,,ABSENT,,"[Basis] No automated issues found
[Comparison]
  Model: OCR=QN65Q8FAAF; PDP=QN65Q8FAAFXZA; assessment=not assessed"
441,TV,QN65QEF1AFXZA,https://www.samsung.com/us/tvs/qled-tv/65-class-qled-4k-tv-qef1-sku-qn65qef1afxza/,PASS,NO_AUTOMATED_EXCEPTION,IN_SCOPE,https://images.samsung.com/is/content/samsung/p6pim/us/qn65qef1afxza/energyguide/us-energyguide-qn65qef1afxza-547069945.pdf,LINKED_UNVERIFIED,,,ABSENT,ABSENT,NOT_APPLICABLE,QN65QEF1AF,,,NOT_CAPTURED,,,ABSENT,,"[Basis] No automated issues found
[Comparison]
  Model: OCR=QN65QEF1AF; PDP=QN65QEF1AFXZA; assessment=not assessed"
442,TV,QN65QN1EFAFXZA,https://www.samsung.com/us/tvs/neo-qled/65-inch-neo-qled-4k-qn1ef-vision-ai-smart-tv-sku-qn65qn1efafxza/,PASS,NO_AUTOMATED_EXCEPTION,IN_SCOPE,https://images.samsung.com/is/content/samsung/p6pim/us/qn65qn1efafxza/energyguide/us-energyguide-qn65qn1efafxza-547829784.pdf,LINKED_UNVERIFIED,,,ABSENT,ABSENT,NOT_APPLICABLE,QN65QN1EFAF,,,NOT_CAPTURED,,,ABSENT,,"[Basis] No automated issues found
[Comparison]
  Model: OCR=QN65QN1EFAF; PDP=QN65QN1EFAFXZA; assessment=not assessed"
443,TV,QN65QN1EHAFXZA,https://www.samsung.com/us/tvs/qled-tv/65-inch-neo-qled-4k-tv-qn1eh-sku-qn65qn1ehafxza/,PASS,NO_AUTOMATED_EXCEPTION,IN_SCOPE,https://images.samsung.com/is/content/samsung/p6pim/us/qn65qn1ehafxza/energyguide/us-energyguide-qn65qn1ehafxza-552223861.pdf,LINKED_UNVERIFIED,,,ABSENT,ABSENT,NOT_APPLICABLE,QN65QN1EHAF,,,NOT_CAPTURED,,,ABSENT,,"[Basis] No automated issues found
[Comparison]
  Model: OCR=QN65QN1EHAF; PDP=QN65QN1EHAFXZA; assessment=not assessed"
444,TV,QN65QN70FAFXZA,https://www.samsung.com/us/tvs/neo-qled/65-class-neo-qled-4k-tv-qn70f-sku-qn65qn70fafxza/,PASS,NO_AUTOMATED_EXCEPTION,IN_SCOPE,https://images.samsung.com/is/content/samsung/p6pim/us/qn65qn70fafxza/energyguide/us-energyguide-qn65qn70fafxza-547921125.pdf,LINKED_UNVERIFIED,,,ABSENT,ABSENT,NOT_APPLICABLE,QN65QN70FAF,,,NOT_CAPTURED,,,ABSENT,,"[Basis] No automated issues found
[Comparison]
  Model: OCR=QN65QN70FAF; PDP=QN65QN70FAFXZA; assessment=not assessed"
445,TV,QN65QN70HAFXZA,https://www.samsung.com/us/tvs/qled-tv/65-inch-neo-qled-4k-qn70h-sku-qn65qn70hafxza/,PASS,NO_AUTOMATED_EXCEPTION,IN_SCOPE,https://images.samsung.com/is/content/samsung/p6pim/us/qn65qn70hafxza/energyguide/us-energyguide-qn65qn70hafxza-551504708.pdf,LINKED_UNVERIFIED,,,ABSENT,ABSENT,NOT_APPLICABLE,QN65QN70HAF,,,NOT_CAPTURED,,,ABSENT,,"[Basis] No automated issues found
[Comparison]
  Model: OCR=QN65QN70HAF; PDP=QN65QN70HAFXZA; assessment=not assessed"
446,TV,QN65QN80FAFXZA,https://www.samsung.com/us/tvs/neo-qled/65-class-neo-qled-4k-tv-qn80f-sku-qn65qn80fafxza/,PASS,NO_AUTOMATED_EXCEPTION,IN_SCOPE,https://images.samsung.com/is/content/samsung/p6pim/us/qn65qn80fafxza/energyguide/us-energyguide-qn65qn80fafxza-551059178.pdf,LINKED_UNVERIFIED,,,ABSENT,ABSENT,NOT_APPLICABLE,QN65QN80FAF,,,NOT_CAPTURED,,,ABSENT,,"[Basis] No automated issues found
[Comparison]
  Model: OCR=QN65QN80FAF; PDP=QN65QN80FAFXZA; assessment=not assessed"
447,TV,QN65QN80HAFXZA,https://www.samsung.com/us/tvs/qled-tv/65-inch-neo-qled-4k-tv-qn80h-sku-qn65qn80hafxza/,PASS,NO_AUTOMATED_EXCEPTION,IN_SCOPE,https://images.samsung.com/is/content/samsung/p6pim/us/qn65qn80hafxza/energyguide/us-energyguide-qn65qn80hafxza-551478267.pdf,LINKED_UNVERIFIED,,,ABSENT,ABSENT,NOT_APPLICABLE,QN65QN80HAF,,,NOT_CAPTURED,,,ABSENT,,"[Basis] No automated issues found
[Comparison]
  Model: OCR=QN65QN80HAF; PDP=QN65QN80HAFXZA; assessment=not assessed"
448,TV,QN65QN900FFXZA,https://www.samsung.com/us/tvs/neo-qled/65-class-neo-qled-8k-tv-qn900f-sku-qn65qn900ffxza/,PASS,NO_AUTOMATED_EXCEPTION,IN_SCOPE,https://images.samsung.com/is/content/samsung/p6pim/us/qn65qn900ffxza/energyguide/us-energyguide-qn65qn900ffxza-547614304.pdf,LINKED_UNVERIFIED,,,ABSENT,ABSENT,NOT_APPLICABLE,QN65QN900FF,,,NOT_CAPTURED,,,ABSENT,,"[Basis] No automated issues found
[Comparison]
  Model: OCR=QN65QN900FF; PDP=QN65QN900FFXZA; assessment=not assessed"
449,TV,QN65QN90FAFXZA,https://www.samsung.com/us/tvs/neo-qled/65-class-neo-qled-4k-tv-qn90f-sku-qn65qn90fafxza/,PASS,NO_AUTOMATED_EXCEPTION,IN_SCOPE,https://images.samsung.com/is/content/samsung/p6pim/us/qn65qn90fafxza/energyguide/us-energyguide-qn65qn90fafxza-547866098.pdf,LINKED_UNVERIFIED,,,PRESENT,PRESENT,NOT_APPLICABLE,QN65QN90FAF,,,NOT_CAPTURED,,,PRESENT,,"[Basis] No automated issues found
[Comparison]
  Model: OCR=QN65QN90FAF; PDP=QN65QN90FAFXZA; assessment=not assessed"
450,TV,QN65QN990FFXZA,https://www.samsung.com/us/tvs/neo-qled/65-class-neo-qled-8k-tv-qn990f-sku-qn65qn990ffxza/,PASS,NO_AUTOMATED_EXCEPTION,IN_SCOPE,https://images.samsung.com/is/content/samsung/p6pim/us/qn65qn990ffxza/energyguide/us-energyguide-qn65qn990ffxza-547228952.pdf,LINKED_UNVERIFIED,,,ABSENT,ABSENT,NOT_APPLICABLE,QN65QN990FF,,,NOT_CAPTURED,,,ABSENT,,"[Basis] No automated issues found
[Comparison]
  Model: OCR=QN65QN990FF; PDP=QN65QN990FFXZA; assessment=not assessed"
451,TV,QN65S85FAFXZA,https://www.samsung.com/us/tvs/oled-tv/65-class-oled-tvs85f-sku-qn65s85fafxza/,PASS,NO_AUTOMATED_EXCEPTION,IN_SCOPE,https://images.samsung.com/is/content/samsung/p6pim/us/qn65s85fafxza/energyguide/us-energyguide-qn65s85fafxza-545818500.pdf,LINKED_UNVERIFIED,,,PRESENT,PRESENT,NOT_APPLICABLE,QN65S85FAF,,,NOT_CAPTURED,,,PRESENT,,"[Basis] No automated issues found
[Comparison]
  Model: OCR=QN65S85FAF; PDP=QN65S85FAFXZA; assessment=not assessed"
452,TV,QN65S85HAEXZA,https://www.samsung.com/us/tvs/oled-tv/65-inch-oled-4k-tv-s85h-sku-qn65s85haexza/,PASS,NO_AUTOMATED_EXCEPTION,IN_SCOPE,https://images.samsung.com/is/content/samsung/p6pim/us/qn65s85haexza/energyguide/us-energyguide-qn65s85haexza-551720183.pdf,LINKED_UNVERIFIED,,,PRESENT,PRESENT,NOT_APPLICABLE,QN65S85HAE,,,NOT_CAPTURED,,,PRESENT,,"[Basis] No automated issues found
[Comparison]
  Model: OCR=QN65S85HAE; PDP=QN65S85HAEXZA; assessment=not assessed"
453,TV,QN65S90DAFXZA,https://www.samsung.com/us/tvs/oled-tv/65-class-oled-s90d-sku-qn65s90dafxza/,PASS,NO_AUTOMATED_EXCEPTION,IN_SCOPE,https://images.samsung.com/is/content/samsung/p6pim/us/qn65s90dafxza/energyguide/us-energyguide-qn65s90dafxza-550264979.pdf,LINKED_UNVERIFIED,,,PRESENT,PRESENT,PRESENT,QN65S90DAF,,,NOT_CAPTURED,,,PRESENT,,"[Basis] No automated issues found
[Comparison]
  Model: OCR=QN65S90DAF; PDP=QN65S90DAFXZA; assessment=not assessed"
454,TV,QN65S90FAFXZA,https://www.samsung.com/us/tvs/oled-tv/65-class-oled-tvs90f-sku-qn65s90fafxza/,PASS,NO_AUTOMATED_EXCEPTION,IN_SCOPE,https://images.samsung.com/is/content/samsung/p6pim/us/qn65s90fafxza/energyguide/us-energyguide-qn65s90fafxza-547921117.pdf,LINKED_UNVERIFIED,,,PRESENT,PRESENT,NOT_APPLICABLE,QN65S90FAF,,,NOT_CAPTURED,,,PRESENT,,"[Basis] No automated issues found
[Comparison]
  Model: OCR=QN65S90FAF; PDP=QN65S90FAFXZA; assessment=not assessed"
455,TV,QN65S90HAEXZA,https://www.samsung.com/us/tvs/oled-tv/65-inch-oled-4k-tv-s90h-sku-qn65s90haexza/,PASS,NO_AUTOMATED_EXCEPTION,IN_SCOPE,https://images.samsung.com/is/content/samsung/p6pim/us/qn65s90haexza/energyguide/us-energyguide-qn65s90haexza-551686694.pdf,LINKED_UNVERIFIED,,,PRESENT,PRESENT,NOT_APPLICABLE,QN65S90HAE,,,NOT_CAPTURED,,,PRESENT,,"[Basis] No automated issues found
[Comparison]
  Model: OCR=QN65S90HAE; PDP=QN65S90HAEXZA; assessment=not assessed"
456,TV,QN65S95HAFXZA,https://www.samsung.com/us/tvs/oled-tv/65-inch-oled-4k-tv-s95h-sku-qn65s95hafxza/,PASS,NO_AUTOMATED_EXCEPTION,IN_SCOPE,https://images.samsung.com/is/content/samsung/p6pim/us/qn65s95hafxza/energyguide/us-energyguide-qn65s95hafxza-551643868.pdf,LINKED_UNVERIFIED,,,PRESENT,PRESENT,NOT_APPLICABLE,QN65S95HAF,,,NOT_CAPTURED,,,PRESENT,,"[Basis] No automated issues found
[Comparison]
  Model: OCR=QN65S95HAF; PDP=QN65S95HAFXZA; assessment=not assessed"
457,TV,QN75LS03FWFXZA,https://www.samsung.com/us/lifestyle-tvs/the-frame/75-inch-class-the-frame-pro-neo-qled-4k-tv-ls03fw-sku-qn75ls03fwfxza/,PASS,NO_AUTOMATED_EXCEPTION,IN_SCOPE,https://images.samsung.com/is/content/samsung/p6pim/us/qn75ls03fwfxza/energyguide/us-energyguide-qn75ls03fwfxza-547938345.pdf,LINKED_UNVERIFIED,,,ABSENT,ABSENT,NOT_APPLICABLE,QN75LS03FWF,,,NOT_CAPTURED,,,ABSENT,,"[Basis] No automated issues found
[Comparison]
  Model: OCR=QN75LS03FWF; PDP=QN75LS03FWFXZA; assessment=not assessed"
458,TV,QN75LS03HEFXZA,https://www.samsung.com/us/lifestyle-tvs/the-frame/75-inch-the-frame-qled-4k-tv-ls03he-sku-qn75ls03hefxza/,PASS,NO_AUTOMATED_EXCEPTION,IN_SCOPE,https://images.samsung.com/is/content/samsung/p6pim/us/qn75ls03hefxza/energyguide/us-energyguide-qn75ls03hefxza-552228523.pdf,LINKED_UNVERIFIED,,,ABSENT,ABSENT,NOT_APPLICABLE,QN75LS03HEF,,,NOT_CAPTURED,,,ABSENT,,"[Basis] No automated issues found
[Comparison]
  Model: OCR=QN75LS03HEF; PDP=QN75LS03HEFXZA; assessment=not assessed"
459,TV,QN75LS03HWFXZA,https://www.samsung.com/us/lifestyle-tvs/the-frame/75-inch-the-frame-pro-neo-qled-4k-tv-ls03hw-sku-qn75ls03hwfxza/,PASS,NO_AUTOMATED_EXCEPTION,IN_SCOPE,https://images.samsung.com/is/content/samsung/p6pim/us/qn75ls03hwfxza/energyguide/us-energyguide-qn75ls03hwfxza-551527254.pdf,LINKED_UNVERIFIED,,,ABSENT,ABSENT,NOT_APPLICABLE,QN75LS03HWF,,,NOT_CAPTURED,,,ABSENT,,"[Basis] No automated issues found
[Comparison]
  Model: OCR=QN75LS03HWF; PDP=QN75LS03HWFXZA; assessment=not assessed"
460,TV,QN75LST7DAFXZA,https://www.samsung.com/us/lifestyle-tvs/the-terrace/75-class-the-terrace-partial-sun-samsung-neo-qled-4k-lst7d-sku-qn75lst7dafxza/,PASS,NO_AUTOMATED_EXCEPTION,IN_SCOPE,https://images.samsung.com/is/content/samsung/p6pim/us/qn75lst7dafxza/energyguide/us-energyguide-qn75lst7dafxza-550401149.pdf,LINKED_UNVERIFIED,,,ABSENT,ABSENT,NOT_APPLICABLE,QN75LST7DAF,,,NOT_CAPTURED,,,ABSENT,,"[Basis] No automated issues found
[Comparison]
  Model: OCR=QN75LST7DAF; PDP=QN75LST7DAFXZA; assessment=not assessed"
461,TV,QN75LST9DAFXZA,https://www.samsung.com/us/lifestyle-tvs/the-terrace/75-class-the-terrace-full-sun-samsung-neo-qled-4k-lst9d-sku-qn75lst9dafxza/,PASS,NO_AUTOMATED_EXCEPTION,IN_SCOPE,https://images.samsung.com/is/content/samsung/p6pim/us/qn75lst9dafxza/energyguide/us-energyguide-qn75lst9dafxza-553753221.pdf,LINKED_UNVERIFIED,,,ABSENT,ABSENT,NOT_APPLICABLE,QN75LST9DAF,,,NOT_CAPTURED,,,ABSENT,,"[Basis] No automated issues found
[Comparison]
  Model: OCR=QN75LST9DAF; PDP=QN75LST9DAFXZA; assessment=not assessed"
462,TV,QN75Q6FAAFXZA,https://www.samsung.com/us/tvs/qled-tv/75-inch-class-qled-4k-tv-sku-qn75q6faafxza/,PASS,NO_AUTOMATED_EXCEPTION,IN_SCOPE,https://images.samsung.com/is/content/samsung/p6pim/us/qn75q6faafxza/energyguide/us-energyguide-qn75q6faafxza-547650044.pdf,LINKED_UNVERIFIED,,,ABSENT,ABSENT,NOT_APPLICABLE,QN75Q6FAAF,,,NOT_CAPTURED,,,ABSENT,,"[Basis] No automated issues found
[Comparison]
  Model: OCR=QN75Q6FAAF; PDP=QN75Q6FAAFXZA; assessment=not assessed"
463,TV,QN75Q7FAAFXZA,https://www.samsung.com/us/tvs/qled-tv/75-class-qled-tv-q7f-sku-qn75q7faafxza/,PASS,NO_AUTOMATED_EXCEPTION,IN_SCOPE,https://images.samsung.com/is/content/samsung/p6pim/us/qn75q7faafxza/energyguide/us-energyguide-qn75q7faafxza-547956717.pdf,LINKED_UNVERIFIED,,,ABSENT,ABSENT,NOT_APPLICABLE,QN75Q7FAAF,,,NOT_CAPTURED,,,ABSENT,,"[Basis] No automated issues found
[Comparison]
  Model: OCR=QN75Q7FAAF; PDP=QN75Q7FAAFXZA; assessment=not assessed"
464,TV,QN75Q8FAAFXZA,https://www.samsung.com/us/tvs/qled-tv/75-inch-qled-q8f-4k-tv-sku-qn75q8faafxza/,PASS,NO_AUTOMATED_EXCEPTION,IN_SCOPE,https://images.samsung.com/is/content/samsung/p6pim/us/qn75q8faafxza/energyguide/us-energyguide-qn75q8faafxza-547306337.pdf,LINKED_UNVERIFIED,,,ABSENT,ABSENT,NOT_APPLICABLE,QN75Q8FAAF,,,NOT_CAPTURED,,,ABSENT,,"[Basis] No automated issues found
[Comparison]
  Model: OCR=QN75Q8FAAF; PDP=QN75Q8FAAFXZA; assessment=not assessed"
465,TV,QN75QEF1AFXZA,https://www.samsung.com/us/tvs/qled-tv/75-class-qled-4k-tv-qef1-sku-qn75qef1afxza/,PASS,NO_AUTOMATED_EXCEPTION,IN_SCOPE,https://images.samsung.com/is/content/samsung/p6pim/us/qn75qef1afxza/energyguide/us-energyguide-qn75qef1afxza-547069963.pdf,LINKED_UNVERIFIED,,,ABSENT,ABSENT,NOT_APPLICABLE,QN75QEF1AF,,,NOT_CAPTURED,,,ABSENT,,"[Basis] No automated issues found
[Comparison]
  Model: OCR=QN75QEF1AF; PDP=QN75QEF1AFXZA; assessment=not assessed"
466,TV,QN75QN1EFAFXZA,https://www.samsung.com/us/tvs/neo-qled/75-inch-neo-qled-4k-qn1ef-vision-ai-smart-tv-sku-qn75qn1efafxza/,PASS,NO_AUTOMATED_EXCEPTION,IN_SCOPE,https://images.samsung.com/is/content/samsung/p6pim/us/qn75qn1efafxza/energyguide/us-energyguide-qn75qn1efafxza-547829793.pdf,LINKED_UNVERIFIED,,,ABSENT,ABSENT,NOT_APPLICABLE,QN75QN1EFAF,,,NOT_CAPTURED,,,ABSENT,,"[Basis] No automated issues found
[Comparison]
  Model: OCR=QN75QN1EFAF; PDP=QN75QN1EFAFXZA; assessment=not assessed"
467,TV,QN75QN1EHAFXZA,https://www.samsung.com/us/tvs/qled-tv/75-inch-neo-qled-4k-tv-qn1eh-sku-qn75qn1ehafxza/,PASS,NO_AUTOMATED_EXCEPTION,IN_SCOPE,https://images.samsung.com/is/content/samsung/p6pim/us/qn75qn1ehafxza/energyguide/us-energyguide-qn75qn1ehafxza-552223887.pdf,LINKED_UNVERIFIED,,,ABSENT,ABSENT,NOT_APPLICABLE,QN75QN1EHAF,,,NOT_CAPTURED,,,ABSENT,,"[Basis] No automated issues found
[Comparison]
  Model: OCR=QN75QN1EHAF; PDP=QN75QN1EHAFXZA; assessment=not assessed"
468,TV,QN75QN70FAFXZA,https://www.samsung.com/us/tvs/neo-qled/75-class-neo-qled-4k-tv-qn70f-sku-qn75qn70fafxza/,PASS,NO_AUTOMATED_EXCEPTION,IN_SCOPE,https://images.samsung.com/is/content/samsung/p6pim/us/qn75qn70fafxza/energyguide/us-energyguide-qn75qn70fafxza-547921135.pdf,LINKED_UNVERIFIED,,,ABSENT,ABSENT,NOT_APPLICABLE,QN75QN70FAF,,,NOT_CAPTURED,,,ABSENT,,"[Basis] No automated issues found
[Comparison]
  Model: OCR=QN75QN70FAF; PDP=QN75QN70FAFXZA; assessment=not assessed"
469,TV,QN75QN70HAFXZA,https://www.samsung.com/us/tvs/qled-tv/75-inch-neo-qled-4k-qn70h-sku-qn75qn70hafxza/,PASS,NO_AUTOMATED_EXCEPTION,IN_SCOPE,https://images.samsung.com/is/content/samsung/p6pim/us/qn75qn70hafxza/energyguide/us-energyguide-qn75qn70hafxza-551504712.pdf,LINKED_UNVERIFIED,,,ABSENT,ABSENT,NOT_APPLICABLE,QN75QN70HAF,,,NOT_CAPTURED,,,ABSENT,,"[Basis] No automated issues found
[Comparison]
  Model: OCR=QN75QN70HAF; PDP=QN75QN70HAFXZA; assessment=not assessed"
470,TV,QN75QN80FAFXZA,https://www.samsung.com/us/tvs/neo-qled/75-class-neo-qled-4k-tv-qn80f-sku-qn75qn80fafxza/,PASS,NO_AUTOMATED_EXCEPTION,IN_SCOPE,https://images.samsung.com/is/content/samsung/p6pim/us/qn75qn80fafxza/energyguide/us-energyguide-qn75qn80fafxza-550914708.pdf,LINKED_UNVERIFIED,,,ABSENT,ABSENT,NOT_APPLICABLE,QN75QN80FAF,,,NOT_CAPTURED,,,ABSENT,,"[Basis] No automated issues found
[Comparison]
  Model: OCR=QN75QN80FAF; PDP=QN75QN80FAFXZA; assessment=not assessed"
471,TV,QN75QN80HAFXZA,https://www.samsung.com/us/tvs/qled-tv/75-inch-neo-qled-4k-tv-qn80h-sku-qn75qn80hafxza/,PASS,NO_AUTOMATED_EXCEPTION,IN_SCOPE,https://images.samsung.com/is/content/samsung/p6pim/us/qn75qn80hafxza/energyguide/us-energyguide-qn75qn80hafxza-551478510.pdf,LINKED_UNVERIFIED,,,ABSENT,ABSENT,NOT_APPLICABLE,QN75QN80HAF,,,NOT_CAPTURED,,,ABSENT,,"[Basis] No automated issues found
[Comparison]
  Model: OCR=QN75QN80HAF; PDP=QN75QN80HAFXZA; assessment=not assessed"
472,TV,QN75QN900FFXZA,https://www.samsung.com/us/tvs/neo-qled/75-class-neo-qled-8k-tv-qn900f-sku-qn75qn900ffxza/,PASS,NO_AUTOMATED_EXCEPTION,IN_SCOPE,https://images.samsung.com/is/content/samsung/p6pim/us/qn75qn900ffxza/energyguide/us-energyguide-qn75qn900ffxza-547614312.pdf,LINKED_UNVERIFIED,,,ABSENT,ABSENT,NOT_APPLICABLE,QN75QN900FF,,,NOT_CAPTURED,,,ABSENT,,"[Basis] No automated issues found
[Comparison]
  Model: OCR=QN75QN900FF; PDP=QN75QN900FFXZA; assessment=not assessed"
473,TV,QN75QN90FAFXZA,https://www.samsung.com/us/tvs/neo-qled/75-class-neo-qled-4k-tv-qn90f-sku-qn75qn90fafxza/,PASS,NO_AUTOMATED_EXCEPTION,IN_SCOPE,https://images.samsung.com/is/content/samsung/p6pim/us/qn75qn90fafxza/energyguide/us-energyguide-qn75qn90fafxza-547866032.pdf,LINKED_UNVERIFIED,,,PRESENT,PRESENT,NOT_APPLICABLE,QN75QN90FAF,,,NOT_CAPTURED,,,PRESENT,,"[Basis] No automated issues found
[Comparison]
  Model: OCR=QN75QN90FAF; PDP=QN75QN90FAFXZA; assessment=not assessed"
474,TV,QN75QN990FFXZA,https://www.samsung.com/us/tvs/neo-qled/75-class-neo-qled-8k-tv-qn990f-sku-qn75qn990ffxza/,PASS,NO_AUTOMATED_EXCEPTION,IN_SCOPE,https://images.samsung.com/is/content/samsung/p6pim/us/qn75qn990ffxza/energyguide/us-energyguide-qn75qn990ffxza-547228965.pdf,LINKED_UNVERIFIED,,,ABSENT,ABSENT,NOT_APPLICABLE,QN75QN990FF,,,NOT_CAPTURED,,,ABSENT,,"[Basis] No automated issues found
[Comparison]
  Model: OCR=QN75QN990FF; PDP=QN75QN990FFXZA; assessment=not assessed"
475,TV,QN77S84FAEXZA,https://www.samsung.com/us/tvs/oled-tv/77-inch-class-oled-tvs-s84f-sku-qn77s84faexza/,HIGH,CRITICAL_ENERGY_STAR_ELIGIBILITY_CANDIDATE,IN_SCOPE,https://images.samsung.com/is/content/samsung/p6pim/us/qn77s84faexza/energyguide/us-energyguide-qn77s84faexza-548222935.pdf,LINKED_UNVERIFIED,,,PRESENT,PRESENT,NOT_APPLICABLE,QN77S84FAE,,,NOT_CAPTURED,,,ABSENT,,"[Basis] CRITICAL_ENERGY_STAR_ELIGIBILITY_CANDIDATE
[Comparison]
  Model: OCR=QN77S84FAE; PDP=QN77S84FAEXZA; assessment=not assessed
[Mismatch] CRITICAL_ENERGY_STAR_ELIGIBILITY_CANDIDATE
[Action] Check the EPA registration supporting the ENERGY STAR claim."
476,TV,QN77S85FAEXZA,https://www.samsung.com/us/tvs/oled-tv/77-class-oled-tvs85f-sku-qn77s85faexza/,PASS,NO_AUTOMATED_EXCEPTION,IN_SCOPE,https://images.samsung.com/is/content/samsung/p6pim/us/qn77s85faexza/energyguide/us-energyguide-qn77s85faexza-545818507.pdf,LINKED_UNVERIFIED,,,PRESENT,PRESENT,NOT_APPLICABLE,QN77S85FAE,,,NOT_CAPTURED,,,PRESENT,,"[Basis] No automated issues found
[Comparison]
  Model: OCR=QN77S85FAE; PDP=QN77S85FAEXZA; assessment=not assessed"
477,TV,QN77S85HAEXZA,https://www.samsung.com/us/tvs/oled-tv/77-inch-oled-4k-tv-s85h-sku-qn77s85haexza/,PASS,NO_AUTOMATED_EXCEPTION,IN_SCOPE,https://images.samsung.com/is/content/samsung/p6pim/us/qn77s85haexza/energyguide/us-energyguide-qn77s85haexza-551720503.pdf,LINKED_UNVERIFIED,,,PRESENT,PRESENT,NOT_APPLICABLE,QN77S85HAE,,,NOT_CAPTURED,,,PRESENT,,"[Basis] No automated issues found
[Comparison]
  Model: OCR=QN77S85HAE; PDP=QN77S85HAEXZA; assessment=not assessed"
478,TV,QN77S90DAFXZA,https://www.samsung.com/us/tvs/oled-tv/77-class-oled-s90d-sku-qn77s90dafxza/,PASS,NO_AUTOMATED_EXCEPTION,IN_SCOPE,https://images.samsung.com/is/content/samsung/p6pim/us/qn77s90dafxza/energyguide/us-energyguide-qn77s90dafxza-550268311.pdf,LINKED_UNVERIFIED,,,PRESENT,PRESENT,NOT_APPLICABLE,QN77S90DAF,,,NOT_CAPTURED,,,PRESENT,,"[Basis] No automated issues found
[Comparison]
  Model: OCR=QN77S90DAF; PDP=QN77S90DAFXZA; assessment=not assessed"
479,TV,QN77S90FAFXZA,https://www.samsung.com/us/tvs/oled-tv/77-class-oled-tvs90f-sku-qn77s90fafxza/,PASS,NO_AUTOMATED_EXCEPTION,IN_SCOPE,https://images.samsung.com/is/content/samsung/p6pim/us/qn77s90fafxza/energyguide/us-energyguide-qn77s90fafxza-547921118.pdf,LINKED_UNVERIFIED,,,PRESENT,PRESENT,NOT_APPLICABLE,QN77S90FAF,,,NOT_CAPTURED,,,PRESENT,,"[Basis] No automated issues found
[Comparison]
  Model: OCR=QN77S90FAF; PDP=QN77S90FAFXZA; assessment=not assessed"
480,TV,QN77S90HAEXZA,https://www.samsung.com/us/tvs/oled-tv/77-inch-oled-4k-tv-s90h-sku-qn77s90haexza/,PASS,NO_AUTOMATED_EXCEPTION,IN_SCOPE,https://images.samsung.com/is/content/samsung/p6pim/us/qn77s90haexza/energyguide/us-energyguide-qn77s90haexza-551686647.pdf,LINKED_UNVERIFIED,,,PRESENT,PRESENT,NOT_APPLICABLE,QN77S90HAE,,,NOT_CAPTURED,,,PRESENT,,"[Basis] No automated issues found
[Comparison]
  Model: OCR=QN77S90HAE; PDP=QN77S90HAEXZA; assessment=not assessed"
481,TV,QN77S95DAFXZA,https://www.samsung.com/us/tvs/oled-tv/77-class-oled-s95d-sku-qn77s95dafxza/,PASS,NO_AUTOMATED_EXCEPTION,IN_SCOPE,https://images.samsung.com/is/content/samsung/p6pim/us/qn77s95dafxza/energyguide/us-energyguide-qn77s95dafxza-550268940.pdf,LINKED_UNVERIFIED,,,PRESENT,PRESENT,PRESENT,QN77S95DAF,,,NOT_CAPTURED,,,PRESENT,,"[Basis] No automated issues found
[Comparison]
  Model: OCR=QN77S95DAF; PDP=QN77S95DAFXZA; assessment=not assessed"
482,TV,QN77S95HAFXZA,https://www.samsung.com/us/tvs/oled-tv/77-inch-oled-4k-tv-s95h-sku-qn77s95hafxza/,PASS,NO_AUTOMATED_EXCEPTION,IN_SCOPE,https://images.samsung.com/is/content/samsung/p6pim/us/qn77s95hafxza/energyguide/us-energyguide-qn77s95hafxza-551643706.pdf,LINKED_UNVERIFIED,,,PRESENT,PRESENT,NOT_APPLICABLE,QN77S95HAF,,,NOT_CAPTURED,,,PRESENT,,"[Basis] No automated issues found
[Comparison]
  Model: OCR=QN77S95HAF; PDP=QN77S95HAFXZA; assessment=not assessed"
483,TV,QN83S85FAEXZA,https://www.samsung.com/us/tvs/oled-tv/83-class-oled-tvs85f-sku-qn83s85faexza/,PASS,NO_AUTOMATED_EXCEPTION,IN_SCOPE,https://images.samsung.com/is/content/samsung/p6pim/us/qn83s85faexza/energyguide/us-energyguide-qn83s85faexza-549765431.pdf,LINKED_UNVERIFIED,,,PRESENT,PRESENT,NOT_APPLICABLE,QN83S85FAE,,,NOT_CAPTURED,,,PRESENT,,"[Basis] No automated issues found
[Comparison]
  Model: OCR=QN83S85FAE; PDP=QN83S85FAEXZA; assessment=not assessed"
484,TV,QN83S85HAEXZA,https://www.samsung.com/us/tvs/oled-tv/83-inch-oled-4k-tv-s85h-sku-qn83s85haexza/,PASS,NO_AUTOMATED_EXCEPTION,IN_SCOPE,https://images.samsung.com/is/content/samsung/p6pim/us/qn83s85haexza/energyguide/us-energyguide-qn83s85haexza-551720786.pdf,LINKED_UNVERIFIED,,,PRESENT,PRESENT,NOT_APPLICABLE,QN83S85HAE,,,NOT_CAPTURED,,,PRESENT,,"[Basis] No automated issues found
[Comparison]
  Model: OCR=QN83S85HAE; PDP=QN83S85HAEXZA; assessment=not assessed"
485,TV,QN83S90DAEXZA,https://www.samsung.com/us/tvs/oled-tv/83-class-oled-s90d-sku-qn83s90daexza/,PASS,NO_AUTOMATED_EXCEPTION,IN_SCOPE,https://images.samsung.com/is/content/samsung/p6pim/us/qn83s90daexza/energyguide/us-energyguide-qn83s90daexza-550268556.pdf,LINKED_UNVERIFIED,,,ABSENT,ABSENT,NOT_APPLICABLE,QN83S90DAE,,,NOT_CAPTURED,,,ABSENT,,"[Basis] No automated issues found
[Comparison]
  Model: OCR=QN83S90DAE; PDP=QN83S90DAEXZA; assessment=not assessed"
486,TV,QN83S90FAEXZA,https://www.samsung.com/us/tvs/oled-tv/83-class-oled-tvs90f-sku-qn83s90faexza/,PASS,NO_AUTOMATED_EXCEPTION,IN_SCOPE,https://images.samsung.com/is/content/samsung/p6pim/us/qn83s90faexza/energyguide/us-energyguide-qn83s90faexza-547921119.pdf,LINKED_UNVERIFIED,,,ABSENT,ABSENT,NOT_APPLICABLE,QN83S90FAE,,,NOT_CAPTURED,,,ABSENT,,"[Basis] No automated issues found
[Comparison]
  Model: OCR=QN83S90FAE; PDP=QN83S90FAEXZA; assessment=not assessed"
487,TV,QN83S90HAEXZA,https://www.samsung.com/us/tvs/oled-tv/83-inch-oled-4k-tv-s90h-sku-qn83s90haexza/,PASS,NO_AUTOMATED_EXCEPTION,IN_SCOPE,https://images.samsung.com/is/content/samsung/p6pim/us/qn83s90haexza/energyguide/us-energyguide-qn83s90haexza-551686414.pdf,LINKED_UNVERIFIED,,,ABSENT,ABSENT,NOT_APPLICABLE,QN83S90HAE,,,NOT_CAPTURED,,,ABSENT,,"[Basis] No automated issues found
[Comparison]
  Model: OCR=QN83S90HAE; PDP=QN83S90HAEXZA; assessment=not assessed"
488,TV,QN83S95HAEXZA,https://www.samsung.com/us/tvs/oled-tv/83-inch-oled-4k-tv-s95h-sku-qn83s95haexza/,PASS,NO_AUTOMATED_EXCEPTION,IN_SCOPE,https://images.samsung.com/is/content/samsung/p6pim/us/qn83s95haexza/energyguide/us-energyguide-qn83s95haexza-551643661.pdf,LINKED_UNVERIFIED,,,PRESENT,PRESENT,NOT_APPLICABLE,QN83S95HAE,,,NOT_CAPTURED,,,PRESENT,,"[Basis] No automated issues found
[Comparison]
  Model: OCR=QN83S95HAE; PDP=QN83S95HAEXZA; assessment=not assessed"
489,TV,QN85LS03FWFXZA,https://www.samsung.com/us/lifestyle-tvs/the-frame/85-inch-class-the-frame-pro-neo-qled-4k-tv-ls03fw-sku-qn85ls03fwfxza/,PASS,NO_AUTOMATED_EXCEPTION,IN_SCOPE,https://images.samsung.com/is/content/samsung/p6pim/us/qn85ls03fwfxza/energyguide/us-energyguide-qn85ls03fwfxza-547938348.pdf,LINKED_UNVERIFIED,,,ABSENT,ABSENT,NOT_APPLICABLE,QN85LS03FWF,,,NOT_CAPTURED,,,ABSENT,,"[Basis] No automated issues found
[Comparison]
  Model: OCR=QN85LS03FWF; PDP=QN85LS03FWFXZA; assessment=not assessed"
490,TV,QN85LS03HEFXZA,https://www.samsung.com/us/lifestyle-tvs/the-frame/85-inch-the-frame-qled-4k-tv-ls03he-sku-qn85ls03hefxza/,PASS,NO_AUTOMATED_EXCEPTION,IN_SCOPE,https://images.samsung.com/is/content/samsung/p6pim/us/qn85ls03hefxza/energyguide/us-energyguide-qn85ls03hefxza-552228521.pdf,LINKED_UNVERIFIED,,,ABSENT,ABSENT,NOT_APPLICABLE,QN85LS03HEF,,,NOT_CAPTURED,,,ABSENT,,"[Basis] No automated issues found
[Comparison]
  Model: OCR=QN85LS03HEF; PDP=QN85LS03HEFXZA; assessment=not assessed"
491,TV,QN85LS03HWFXZA,https://www.samsung.com/us/lifestyle-tvs/the-frame/85-inch-the-frame-pro-neo-qled-4k-tv-ls03hw-sku-qn85ls03hwfxza/,PASS,NO_AUTOMATED_EXCEPTION,IN_SCOPE,https://images.samsung.com/is/content/samsung/p6pim/us/qn85ls03hwfxza/energyguide/us-energyguide-qn85ls03hwfxza-551527259.pdf,LINKED_UNVERIFIED,,,ABSENT,ABSENT,NOT_APPLICABLE,QN85LS03HWF,,,NOT_CAPTURED,,,ABSENT,,"[Basis] No automated issues found
[Comparison]
  Model: OCR=QN85LS03HWF; PDP=QN85LS03HWFXZA; assessment=not assessed"
492,TV,QN85Q6FAAFXZA,https://www.samsung.com/us/tvs/qled-tv/85-inch-class-qled-4k-tv-sku-qn85q6faafxza/,PASS,NO_AUTOMATED_EXCEPTION,IN_SCOPE,https://images.samsung.com/is/content/samsung/p6pim/us/qn85q6faafxza/energyguide/us-energyguide-qn85q6faafxza-549226540.pdf,LINKED_UNVERIFIED,,,ABSENT,ABSENT,NOT_APPLICABLE,QN85Q6FAAF,,,NOT_CAPTURED,,,ABSENT,,"[Basis] No automated issues found
[Comparison]
  Model: OCR=QN85Q6FAAF; PDP=QN85Q6FAAFXZA; assessment=not assessed"
493,TV,QN85Q7FAAFXZA,https://www.samsung.com/us/tvs/qled-tv/85-class-qled-tv-q7f-sku-qn85q7faafxza/,PASS,NO_AUTOMATED_EXCEPTION,IN_SCOPE,https://images.samsung.com/is/content/samsung/p6pim/us/qn85q7faafxza/energyguide/us-energyguide-qn85q7faafxza-547956713.pdf,LINKED_UNVERIFIED,,,ABSENT,ABSENT,NOT_APPLICABLE,QN85Q7FAAF,,,NOT_CAPTURED,,,ABSENT,,"[Basis] No automated issues found
[Comparison]
  Model: OCR=QN85Q7FAAF; PDP=QN85Q7FAAFXZA; assessment=not assessed"
494,TV,QN85Q8FAAFXZA,https://www.samsung.com/us/tvs/qled-tv/85-inch-qled-q8f-4k-tv-sku-qn85q8faafxza/,PASS,NO_AUTOMATED_EXCEPTION,IN_SCOPE,https://images.samsung.com/is/content/samsung/p6pim/us/qn85q8faafxza/energyguide/us-energyguide-qn85q8faafxza-547306339.pdf,LINKED_UNVERIFIED,,,ABSENT,ABSENT,NOT_APPLICABLE,QN85Q8FAAF,,,NOT_CAPTURED,,,ABSENT,,"[Basis] No automated issues found
[Comparison]
  Model: OCR=QN85Q8FAAF; PDP=QN85Q8FAAFXZA; assessment=not assessed"
495,TV,QN85QEF1AFXZA,https://www.samsung.com/us/tvs/qled-tv/85-class-qled-4k-tv-qef1-sku-qn85qef1afxza/,PASS,NO_AUTOMATED_EXCEPTION,IN_SCOPE,https://images.samsung.com/is/content/samsung/p6pim/us/qn85qef1afxza/energyguide/us-energyguide-qn85qef1afxza-547069975.pdf,LINKED_UNVERIFIED,,,ABSENT,ABSENT,NOT_APPLICABLE,QN85QEF1AF,,,NOT_CAPTURED,,,ABSENT,,"[Basis] No automated issues found
[Comparison]
  Model: OCR=QN85QEF1AF; PDP=QN85QEF1AFXZA; assessment=not assessed"
496,TV,QN85QN1EFAFXZA,https://www.samsung.com/us/tvs/neo-qled/85-inch-neo-qled-4k-qn1ef-vision-ai-smart-tv-sku-qn85qn1efafxza/,PASS,NO_AUTOMATED_EXCEPTION,IN_SCOPE,https://images.samsung.com/is/content/samsung/p6pim/us/qn85qn1efafxza/energyguide/us-energyguide-qn85qn1efafxza-547829950.pdf,LINKED_UNVERIFIED,,,ABSENT,ABSENT,NOT_APPLICABLE,QN85QN1EFAF,,,NOT_CAPTURED,,,ABSENT,,"[Basis] No automated issues found
[Comparison]
  Model: OCR=QN85QN1EFAF; PDP=QN85QN1EFAFXZA; assessment=not assessed"
497,TV,QN85QN1EHAFXZA,https://www.samsung.com/us/tvs/qled-tv/85-inch-neo-qled-4k-tv-qn1eh-sku-qn85qn1ehafxza/,PASS,NO_AUTOMATED_EXCEPTION,IN_SCOPE,https://images.samsung.com/is/content/samsung/p6pim/us/qn85qn1ehafxza/energyguide/us-energyguide-qn85qn1ehafxza-552223933.pdf,LINKED_UNVERIFIED,,,ABSENT,ABSENT,NOT_APPLICABLE,QN85QN1EHAF,,,NOT_CAPTURED,,,ABSENT,,"[Basis] No automated issues found
[Comparison]
  Model: OCR=QN85QN1EHAF; PDP=QN85QN1EHAFXZA; assessment=not assessed"
498,TV,QN85QN70FAFXZA,https://www.samsung.com/us/tvs/neo-qled/85-class-neo-qled-4k-tv-qn70f-sku-qn85qn70fafxza/,PASS,NO_AUTOMATED_EXCEPTION,IN_SCOPE,https://images.samsung.com/is/content/samsung/p6pim/us/qn85qn70fafxza/energyguide/us-energyguide-qn85qn70fafxza-547921127.pdf,LINKED_UNVERIFIED,,,ABSENT,ABSENT,NOT_APPLICABLE,QN85QN70FAF,,,NOT_CAPTURED,,,ABSENT,,"[Basis] No automated issues found
[Comparison]
  Model: OCR=QN85QN70FAF; PDP=QN85QN70FAFXZA; assessment=not assessed"
499,TV,QN85QN70HAFXZA,https://www.samsung.com/us/tvs/qled-tv/85-inch-neo-qled-4k-qn70h-sku-qn85qn70hafxza/,PASS,NO_AUTOMATED_EXCEPTION,IN_SCOPE,https://images.samsung.com/is/content/samsung/p6pim/us/qn85qn70hafxza/energyguide/us-energyguide-qn85qn70hafxza-551504716.pdf,LINKED_UNVERIFIED,,,ABSENT,ABSENT,NOT_APPLICABLE,QN85QN70HAF,,,NOT_CAPTURED,,,ABSENT,,"[Basis] No automated issues found
[Comparison]
  Model: OCR=QN85QN70HAF; PDP=QN85QN70HAFXZA; assessment=not assessed"
500,TV,QN85QN80FAFXZA,https://www.samsung.com/us/tvs/neo-qled/85-class-neo-qled-4k-tv-qn80f-sku-qn85qn80fafxza/,PASS,NO_AUTOMATED_EXCEPTION,IN_SCOPE,https://images.samsung.com/is/content/samsung/p6pim/us/qn85qn80fafxza/energyguide/us-energyguide-qn85qn80fafxza-550914702.pdf,LINKED_UNVERIFIED,,,ABSENT,ABSENT,NOT_APPLICABLE,QN85QN80FAF,,,NOT_CAPTURED,,,ABSENT,,"[Basis] No automated issues found
[Comparison]
  Model: OCR=QN85QN80FAF; PDP=QN85QN80FAFXZA; assessment=not assessed"
501,TV,QN85QN80HAFXZA,https://www.samsung.com/us/tvs/qled-tv/85-inch-neo-qled-4k-tv-qn80h-sku-qn85qn80hafxza/,PASS,NO_AUTOMATED_EXCEPTION,IN_SCOPE,https://images.samsung.com/is/content/samsung/p6pim/us/qn85qn80hafxza/energyguide/us-energyguide-qn85qn80hafxza-551478702.pdf,LINKED_UNVERIFIED,,,ABSENT,ABSENT,NOT_APPLICABLE,QN85QN80HAF,,,NOT_CAPTURED,,,ABSENT,,"[Basis] No automated issues found
[Comparison]
  Model: OCR=QN85QN80HAF; PDP=QN85QN80HAFXZA; assessment=not assessed"
502,TV,QN85QN900FFXZA,https://www.samsung.com/us/tvs/neo-qled/85-class-neo-qled-8k-tv-qn900f-sku-qn85qn900ffxza/,PASS,NO_AUTOMATED_EXCEPTION,IN_SCOPE,https://images.samsung.com/is/content/samsung/p6pim/us/qn85qn900ffxza/energyguide/us-energyguide-qn85qn900ffxza-547614322.pdf,LINKED_UNVERIFIED,,,ABSENT,ABSENT,NOT_APPLICABLE,QN85QN900FF,,,NOT_CAPTURED,,,ABSENT,,"[Basis] No automated issues found
[Comparison]
  Model: OCR=QN85QN900FF; PDP=QN85QN900FFXZA; assessment=not assessed"
503,TV,QN85QN90FAFXZA,https://www.samsung.com/us/tvs/neo-qled/85-class-neo-qled-4k-tv-qn90f-sku-qn85qn90fafxza/,PASS,NO_AUTOMATED_EXCEPTION,IN_SCOPE,https://images.samsung.com/is/content/samsung/p6pim/us/qn85qn90fafxza/energyguide/us-energyguide-qn85qn90fafxza-547865894.pdf,LINKED_UNVERIFIED,,,PRESENT,PRESENT,NOT_APPLICABLE,QN85QN90FAF,,,NOT_CAPTURED,,,PRESENT,,"[Basis] No automated issues found
[Comparison]
  Model: OCR=QN85QN90FAF; PDP=QN85QN90FAFXZA; assessment=not assessed"
504,TV,QN85QN990HFXZA,https://www.samsung.com/us/tvs/qled-tv/85-inch-neo-qled-8k-tv-qn990h-sku-qn85qn990hfxza/,PASS,NO_AUTOMATED_EXCEPTION,IN_SCOPE,https://images.samsung.com/is/content/samsung/p6pim/us/qn85qn990hfxza/energyguide/us-energyguide-qn85qn990hfxza-552704771.pdf,LINKED_UNVERIFIED,,,ABSENT,ABSENT,NOT_APPLICABLE,QN85QN990HF,,,NOT_CAPTURED,,,ABSENT,,"[Basis] No automated issues found
[Comparison]
  Model: OCR=QN85QN990HF; PDP=QN85QN990HFXZA; assessment=not assessed"
505,TV,QN98LS03HEFXZA,https://www.samsung.com/us/lifestyle-tvs/the-frame/98-inch-the-frame-qled-4k-tv-ls03he-sku-qn98ls03hefxza/,PASS,NO_AUTOMATED_EXCEPTION,IN_SCOPE,https://images.samsung.com/is/content/samsung/p6pim/us/qn98ls03hefxza/energyguide/us-energyguide-qn98ls03hefxza-552228520.pdf,LINKED_UNVERIFIED,,,ABSENT,ABSENT,NOT_APPLICABLE,QN98LS03HEF,,,NOT_CAPTURED,,,ABSENT,,"[Basis] No automated issues found
[Comparison]
  Model: OCR=QN98LS03HEF; PDP=QN98LS03HEFXZA; assessment=not assessed"
506,TV,QN98Q7FAAFXZA,https://www.samsung.com/us/tvs/qled-tv/98-class-qled-tv-q7f-sku-qn98q7faafxza/,PASS,NO_AUTOMATED_EXCEPTION,IN_SCOPE,https://images.samsung.com/is/content/samsung/p6pim/us/qn98q7faafxza/energyguide/us-energyguide-qn98q7faafxza-549168598.pdf,LINKED_UNVERIFIED,,,ABSENT,ABSENT,NOT_APPLICABLE,QN98Q7FAAF,,,NOT_CAPTURED,,,ABSENT,,"[Basis] No automated issues found
[Comparison]
  Model: OCR=QN98Q7FAAF; PDP=QN98Q7FAAFXZA; assessment=not assessed"
507,TV,QN98QN90FAFXZA,https://www.samsung.com/us/tvs/neo-qled/98-class-neo-qled-4k-tv-qn90f-sku-qn98qn90fafxza/,PASS,NO_AUTOMATED_EXCEPTION,IN_SCOPE,https://images.samsung.com/is/content/samsung/p6pim/us/qn98qn90fafxza/energyguide/us-energyguide-qn98qn90fafxza-547865716.pdf,LINKED_UNVERIFIED,,,PRESENT,PRESENT,NOT_APPLICABLE,QN98QN90FAF,,,NOT_CAPTURED,,,PRESENT,,"[Basis] No automated issues found
[Comparison]
  Model: OCR=QN98QN90FAF; PDP=QN98QN90FAFXZA; assessment=not assessed"
508,TV,QN98QN990FFXZA,https://www.samsung.com/us/tvs/neo-qled/98-class-neo-qled-8k-tv-qn990f-sku-qn98qn990ffxza/,PASS,NO_AUTOMATED_EXCEPTION,IN_SCOPE,https://images.samsung.com/is/content/samsung/p6pim/us/qn98qn990ffxza/energyguide/us-energyguide-qn98qn990ffxza-547228812.pdf,LINKED_UNVERIFIED,,,ABSENT,ABSENT,NOT_APPLICABLE,QN98QN990FF,,,NOT_CAPTURED,,,ABSENT,,"[Basis] No automated issues found
[Comparison]
  Model: OCR=QN98QN990FF; PDP=QN98QN990FFXZA; assessment=not assessed"
509,TV,UN100M90HFXZA,https://www.samsung.com/us/tvs/mini-led-tv/100-inch-mini-led-4k-tv-m90h-sku-un100m90hfxza/,PASS,NO_AUTOMATED_EXCEPTION,IN_SCOPE,https://images.samsung.com/is/content/samsung/p6pim/us/un100m90hfxza/energyguide/us-energyguide-un100m90hfxza-552549552.pdf,LINKED_UNVERIFIED,,,ABSENT,ABSENT,NOT_APPLICABLE,UN100M90HF,,,NOT_CAPTURED,,,ABSENT,,"[Basis] No automated issues found
[Comparison]
  Model: OCR=UN100M90HF; PDP=UN100M90HFXZA; assessment=not assessed"
510,TV,UN32F6000FFXZA,https://www.samsung.com/us/tvs/full-hd-tv/32-inch-fhd-f6000f-smart-tv-sku-un32f6000ffxza/,PASS,NO_AUTOMATED_EXCEPTION,IN_SCOPE,https://images.samsung.com/is/content/samsung/p6pim/us/un32f6000ffxza/energyguide/us-energyguide-un32f6000ffxza-546812261.pdf,LINKED_UNVERIFIED,,,ABSENT,ABSENT,NOT_APPLICABLE,UN32F6000FF,,,NOT_CAPTURED,,,ABSENT,,"[Basis] No automated issues found
[Comparison]
  Model: OCR=UN32F6000FF; PDP=UN32F6000FFXZA; assessment=not assessed"
511,TV,UN32H5000FFXZA,https://www.samsung.com/us/tvs/hd-tv/32-class-hd-tv-h5000f-sku-un32h5000ffxza/,PASS,NO_AUTOMATED_EXCEPTION,IN_SCOPE,https://images.samsung.com/is/content/samsung/p6pim/us/un32h5000ffxza/energyguide/us-energyguide-un32h5000ffxza-549744007.pdf,LINKED_UNVERIFIED,,,ABSENT,ABSENT,NOT_APPLICABLE,UN32H5000FF,,,NOT_CAPTURED,,,ABSENT,,"[Basis] No automated issues found
[Comparison]
  Model: OCR=UN32H5000FF; PDP=UN32H5000FFXZA; assessment=not assessed"
512,TV,UN40F6000FFXZA,https://www.samsung.com/us/tvs/full-hd-tv/40-inch-fhd-f6000f-smart-tv-sku-un40f6000ffxza/,PASS,NO_AUTOMATED_EXCEPTION,IN_SCOPE,https://images.samsung.com/is/content/samsung/p6pim/us/un40f6000ffxza/energyguide/us-energyguide-un40f6000ffxza-546812262.pdf,LINKED_UNVERIFIED,,,ABSENT,ABSENT,NOT_APPLICABLE,UN40F6000FF,,,NOT_CAPTURED,,,ABSENT,,"[Basis] No automated issues found
[Comparison]
  Model: OCR=UN40F6000FF; PDP=UN40F6000FFXZA; assessment=not assessed"
513,TV,UN43M70HAFXZA,https://www.samsung.com/us/tvs/mini-led-tv/43-inch-mini-led-4k-tv-m70h-sku-un43m70hafxza/,PASS,NO_AUTOMATED_EXCEPTION,IN_SCOPE,https://images.samsung.com/is/content/samsung/p6pim/us/un43m70hafxza/energyguide/us-energyguide-un43m70hafxza-551502180.pdf,LINKED_UNVERIFIED,,,ABSENT,ABSENT,NOT_APPLICABLE,UN43M70HAF,,,NOT_CAPTURED,,,ABSENT,,"[Basis] No automated issues found
[Comparison]
  Model: OCR=UN43M70HAF; PDP=UN43M70HAFXZA; assessment=not assessed"
514,TV,UN43U8000FFXZA,https://www.samsung.com/us/tvs/uhd-4k-tv/43-inch-class-crystal-uhd-u8000f-4k-smart-tv-sku-un43u8000ffxza/,PASS,NO_AUTOMATED_EXCEPTION,IN_SCOPE,https://images.samsung.com/is/content/samsung/p6pim/us/un43u8000ffxza/energyguide/us-energyguide-un43u8000ffxza-546953605.pdf,LINKED_UNVERIFIED,,,ABSENT,ABSENT,NOT_APPLICABLE,UN43U8000FF,,,NOT_CAPTURED,,,ABSENT,,"[Basis] No automated issues found
[Comparison]
  Model: OCR=UN43U8000FF; PDP=UN43U8000FFXZA; assessment=not assessed"
515,TV,UN43U8000HFXZA,https://www.samsung.com/us/tvs/uhd-4k-tv/43-inch-crystal-uhd-4k-tv-u8000h-sku-un43u8000hfxza/,PASS,NO_AUTOMATED_EXCEPTION,IN_SCOPE,,MISSING,,,ABSENT,ABSENT,NOT_APPLICABLE,UN43U8000HF,,,NOT_CAPTURED,,,ABSENT,,"[Basis] No automated issues found
[Comparison]
  Model: OCR=UN43U8000HF; PDP=UN43U8000HFXZA; assessment=not assessed"
516,TV,UN50M70HAFXZA,https://www.samsung.com/us/tvs/mini-led-tv/50-inch-mini-led-4k-tv-m70h-sku-un50m70hafxza/,PASS,NO_AUTOMATED_EXCEPTION,IN_SCOPE,https://images.samsung.com/is/content/samsung/p6pim/us/un50m70hafxza/energyguide/us-energyguide-un50m70hafxza-551502221.pdf,LINKED_UNVERIFIED,,,ABSENT,ABSENT,NOT_APPLICABLE,UN50M70HAF,,,NOT_CAPTURED,,,ABSENT,,"[Basis] No automated issues found
[Comparison]
  Model: OCR=UN50M70HAF; PDP=UN50M70HAFXZA; assessment=not assessed"
517,TV,UN50U7900FFXZA,https://www.samsung.com/us/tvs/uhd-4k-tv/50-inch-class-crystal-uhd-u7900f-4k-smart-tv-sku-un50u7900ffxza/,PASS,NO_AUTOMATED_EXCEPTION,IN_SCOPE,https://images.samsung.com/is/content/samsung/p6pim/us/un50u7900ffxza/energyguide/us-energyguide-un50u7900ffxza-547602075.pdf,LINKED_UNVERIFIED,,,ABSENT,ABSENT,NOT_APPLICABLE,UN50U7900FF,,,NOT_CAPTURED,,,ABSENT,,"[Basis] No automated issues found
[Comparison]
  Model: OCR=UN50U7900FF; PDP=UN50U7900FFXZA; assessment=not assessed"
518,TV,UN50U8000FFXZA,https://www.samsung.com/us/tvs/uhd-4k-tv/50-inch-class-crystal-uhd-u8000f-4k-smart-tv-sku-un50u8000ffxza/,PASS,NO_AUTOMATED_EXCEPTION,IN_SCOPE,https://images.samsung.com/is/content/samsung/p6pim/us/un50u8000ffxza/energyguide/us-energyguide-un50u8000ffxza-546953275.pdf,LINKED_UNVERIFIED,,,ABSENT,ABSENT,NOT_APPLICABLE,UN50U8000FF,,,NOT_CAPTURED,,,ABSENT,,"[Basis] No automated issues found
[Comparison]
  Model: OCR=UN50U8000FF; PDP=UN50U8000FFXZA; assessment=not assessed"
519,TV,UN50U8000HFXZA,https://www.samsung.com/us/tvs/uhd-4k-tv/50-inch-crystal-uhd-4k-tv-u8000h-sku-un50u8000hfxza/,HIGH,ENERGYGUIDE_DOCUMENT_MISSING_CANDIDATE,IN_SCOPE,,MISSING,,,ABSENT,ABSENT,NOT_APPLICABLE,,,,NOT_CAPTURED,,,ABSENT,,"[Basis] ENERGYGUIDE_DOCUMENT_MISSING_CANDIDATE
[Mismatch] ENERGYGUIDE_DOCUMENT_MISSING_CANDIDATE
[Action] Add or reconnect the EnergyGuide document for this SKU."
520,TV,UN55M70HAFXZA,https://www.samsung.com/us/tvs/mini-led-tv/55-inch-mini-led-4k-tv-m70h-sku-un55m70hafxza/,PASS,NO_AUTOMATED_EXCEPTION,IN_SCOPE,https://images.samsung.com/is/content/samsung/p6pim/us/un55m70hafxza/energyguide/us-energyguide-un55m70hafxza-551502367.pdf,LINKED_UNVERIFIED,,,ABSENT,ABSENT,NOT_APPLICABLE,UN55M70HAF,,,NOT_CAPTURED,,,ABSENT,,"[Basis] No automated issues found
[Comparison]
  Model: OCR=UN55M70HAF; PDP=UN55M70HAFXZA; assessment=not assessed"
521,TV,UN55M80HAFXZA,https://www.samsung.com/us/tvs/mini-led-tv/55-inch-mini-led-4k-tv-m80h-sku-un55m80hafxza/,PASS,NO_AUTOMATED_EXCEPTION,IN_SCOPE,https://images.samsung.com/is/content/samsung/p6pim/us/un55m80hafxza/energyguide/us-energyguide-un55m80hafxza-551366406.pdf,LINKED_UNVERIFIED,,,ABSENT,ABSENT,NOT_APPLICABLE,UN55M80HAF,,,NOT_CAPTURED,,,ABSENT,,"[Basis] No automated issues found
[Comparison]
  Model: OCR=UN55M80HAF; PDP=UN55M80HAFXZA; assessment=not assessed"
522,TV,UN55U7900FFXZA,https://www.samsung.com/us/tvs/uhd-4k-tv/55-inch-class-crystal-uhd-u7900f-4k-smart-tv-sku-un55u7900ffxza/,PASS,NO_AUTOMATED_EXCEPTION,IN_SCOPE,https://images.samsung.com/is/content/samsung/p6pim/us/un55u7900ffxza/energyguide/us-energyguide-un55u7900ffxza-547601898.pdf,LINKED_UNVERIFIED,,,ABSENT,ABSENT,NOT_APPLICABLE,UN55U7900FF,,,NOT_CAPTURED,,,ABSENT,,"[Basis] No automated issues found
[Comparison]
  Model: OCR=UN55U7900FF; PDP=UN55U7900FFXZA; assessment=not assessed"
523,TV,UN55U8000FFXZA,https://www.samsung.com/us/tvs/uhd-4k-tv/55-inch-class-crystal-uhd-u8000f-4k-smart-tv-sku-un55u8000ffxza/,PASS,NO_AUTOMATED_EXCEPTION,IN_SCOPE,https://images.samsung.com/is/content/samsung/p6pim/us/un55u8000ffxza/energyguide/us-energyguide-un55u8000ffxza-546953418.pdf,LINKED_UNVERIFIED,,,ABSENT,ABSENT,NOT_APPLICABLE,UN55U8000FF,,,NOT_CAPTURED,,,ABSENT,,"[Basis] No automated issues found
[Comparison]
  Model: OCR=UN55U8000FF; PDP=UN55U8000FFXZA; assessment=not assessed"
524,TV,UN55U8000HFXZA,https://www.samsung.com/us/tvs/uhd-4k-tv/55-inch-crystal-uhd-4k-tv-u8000h-sku-un55u8000hfxza/,PASS,NO_AUTOMATED_EXCEPTION,IN_SCOPE,https://images.samsung.com/is/content/samsung/p6pim/us/un55u8000hfxza/energyguide/us-energyguide-un55u8000hfxza-551502182.pdf,LINKED_UNVERIFIED,,,ABSENT,ABSENT,NOT_APPLICABLE,UN55U8000HF,,,NOT_CAPTURED,,,ABSENT,,"[Basis] No automated issues found
[Comparison]
  Model: OCR=UN55U8000HF; PDP=UN55U8000HFXZA; assessment=not assessed"
525,TV,UN58U7900FFXZA,https://www.samsung.com/us/tvs/uhd-4k-tv/58-inch-class-crystal-uhd-u7900f-4k-smart-tv-sku-un58u7900ffxza/,PASS,NO_AUTOMATED_EXCEPTION,IN_SCOPE,https://images.samsung.com/is/content/samsung/p6pim/us/un58u7900ffxza/energyguide/us-energyguide-un58u7900ffxza-548101907.pdf,LINKED_UNVERIFIED,,,ABSENT,ABSENT,NOT_APPLICABLE,UN58U7900FF,,,NOT_CAPTURED,,,ABSENT,,"[Basis] No automated issues found
[Comparison]
  Model: OCR=UN58U7900FF; PDP=UN58U7900FFXZA; assessment=not assessed"
526,TV,UN58U8000FFXZA,https://www.samsung.com/us/tvs/uhd-4k-tv/58-inch-class-crystal-uhd-u8000f-4k-smart-tv-sku-un58u8000ffxza/,PASS,NO_AUTOMATED_EXCEPTION,IN_SCOPE,https://images.samsung.com/is/content/samsung/p6pim/us/un58u8000ffxza/energyguide/us-energyguide-un58u8000ffxza-546953583.pdf,LINKED_UNVERIFIED,,,ABSENT,ABSENT,NOT_APPLICABLE,UN58U8000FF,,,NOT_CAPTURED,,,ABSENT,,"[Basis] No automated issues found
[Comparison]
  Model: OCR=UN58U8000FF; PDP=UN58U8000FFXZA; assessment=not assessed"
527,TV,UN58U8000HFXZA,https://www.samsung.com/us/tvs/uhd-4k-tv/58-inch-crystal-uhd-4k-tv-u8000h-sku-un58u8000hfxza/,PASS,NO_AUTOMATED_EXCEPTION,IN_SCOPE,https://images.samsung.com/is/content/samsung/p6pim/us/un58u8000hfxza/energyguide/us-energyguide-un58u8000hfxza-553944911.pdf,LINKED_UNVERIFIED,,,ABSENT,ABSENT,NOT_APPLICABLE,UN58U8000HF,,,NOT_CAPTURED,,,ABSENT,,"[Basis] No automated issues found
[Comparison]
  Model: OCR=UN58U8000HF; PDP=UN58U8000HFXZA; assessment=not assessed"
528,TV,UN65M70HAFXZA,https://www.samsung.com/us/tvs/mini-led-tv/65-inch-mini-led-4k-tv-m70h-sku-un65m70hafxza/,PASS,NO_AUTOMATED_EXCEPTION,IN_SCOPE,https://images.samsung.com/is/content/samsung/p6pim/us/un65m70hafxza/energyguide/us-energyguide-un65m70hafxza-551502402.pdf,LINKED_UNVERIFIED,,,ABSENT,ABSENT,NOT_APPLICABLE,UN65M70HAF,,,NOT_CAPTURED,,,ABSENT,,"[Basis] No automated issues found
[Comparison]
  Model: OCR=UN65M70HAF; PDP=UN65M70HAFXZA; assessment=not assessed"
529,TV,UN65M80HAFXZA,https://www.samsung.com/us/tvs/mini-led-tv/65-inch-mini-led-4k-tv-m80h-sku-un65m80hafxza/,PASS,NO_AUTOMATED_EXCEPTION,IN_SCOPE,https://images.samsung.com/is/content/samsung/p6pim/us/un65m80hafxza/energyguide/us-energyguide-un65m80hafxza-551366481.pdf,LINKED_UNVERIFIED,,,ABSENT,ABSENT,NOT_APPLICABLE,UN65M80HAF,,,NOT_CAPTURED,,,ABSENT,,"[Basis] No automated issues found
[Comparison]
  Model: OCR=UN65M80HAF; PDP=UN65M80HAFXZA; assessment=not assessed"
530,TV,UN65U7900FFXZA,https://www.samsung.com/us/tvs/uhd-4k-tv/65-inch-class-crystal-uhd-u7900f-4k-smart-tv-sku-un65u7900ffxza/,PASS,NO_AUTOMATED_EXCEPTION,IN_SCOPE,https://images.samsung.com/is/content/samsung/p6pim/us/un65u7900ffxza/energyguide/us-energyguide-un65u7900ffxza-549104361.pdf,LINKED_UNVERIFIED,,,ABSENT,ABSENT,NOT_APPLICABLE,UN65U7900FF,,,NOT_CAPTURED,,,ABSENT,,"[Basis] No automated issues found
[Comparison]
  Model: OCR=UN65U7900FF; PDP=UN65U7900FFXZA; assessment=not assessed"
531,TV,UN65U8000FFXZA,https://www.samsung.com/us/tvs/uhd-4k-tv/65-inch-class-crystal-uhd-u8000f-4k-smart-tv-sku-un65u8000ffxza/,PASS,NO_AUTOMATED_EXCEPTION,IN_SCOPE,https://images.samsung.com/is/content/samsung/p6pim/us/un65u8000ffxza/energyguide/us-energyguide-un65u8000ffxza-546953503.pdf,LINKED_UNVERIFIED,,,ABSENT,ABSENT,NOT_APPLICABLE,UN65U8000FF,,,NOT_CAPTURED,,,ABSENT,,"[Basis] No automated issues found
[Comparison]
  Model: OCR=UN65U8000FF; PDP=UN65U8000FFXZA; assessment=not assessed"
532,TV,UN65U8000HFXZA,https://www.samsung.com/us/tvs/uhd-4k-tv/65-inch-crystal-uhd-4k-tv-u8000h-sku-un65u8000hfxza/,PASS,NO_AUTOMATED_EXCEPTION,IN_SCOPE,https://images.samsung.com/is/content/samsung/p6pim/us/un65u8000hfxza/energyguide/us-energyguide-un65u8000hfxza-551502142.pdf,LINKED_UNVERIFIED,,,ABSENT,ABSENT,NOT_APPLICABLE,UN65U8000HF,,,NOT_CAPTURED,,,ABSENT,,"[Basis] No automated issues found
[Comparison]
  Model: OCR=UN65U8000HF; PDP=UN65U8000HFXZA; assessment=not assessed"
533,TV,UN70U7900FFXZA,https://www.samsung.com/us/tvs/uhd-4k-tv/70-inch-class-crystal-uhd-u7900f-4k-smart-tv-sku-un70u7900ffxza/,PASS,NO_AUTOMATED_EXCEPTION,IN_SCOPE,https://images.samsung.com/is/content/samsung/p6pim/us/un70u7900ffxza/energyguide/us-energyguide-un70u7900ffxza-549104507.pdf,LINKED_UNVERIFIED,,,ABSENT,ABSENT,NOT_APPLICABLE,UN70U7900FF,,,NOT_CAPTURED,,,ABSENT,,"[Basis] No automated issues found
[Comparison]
  Model: OCR=UN70U7900FF; PDP=UN70U7900FFXZA; assessment=not assessed"
534,TV,UN70U8000FFXZA,https://www.samsung.com/us/tvs/uhd-4k-tv/70-inch-class-crystal-uhd-u8000f-4k-smart-tv-sku-un70u8000ffxza/,PASS,NO_AUTOMATED_EXCEPTION,IN_SCOPE,https://images.samsung.com/is/content/samsung/p6pim/us/un70u8000ffxza/energyguide/us-energyguide-un70u8000ffxza-546953598.pdf,LINKED_UNVERIFIED,,,ABSENT,ABSENT,NOT_APPLICABLE,UN70U8000FF,,,NOT_CAPTURED,,,ABSENT,,"[Basis] No automated issues found
[Comparison]
  Model: OCR=UN70U8000FF; PDP=UN70U8000FFXZA; assessment=not assessed"
535,TV,UN70U8000HFXZA,https://www.samsung.com/us/tvs/uhd-4k-tv/70-inch-crystal-uhd-4k-tv-u8000h-sku-un70u8000hfxza/,PASS,NO_AUTOMATED_EXCEPTION,IN_SCOPE,https://images.samsung.com/is/content/samsung/p6pim/us/un70u8000hfxza/energyguide/us-energyguide-un70u8000hfxza-551502138.pdf,LINKED_UNVERIFIED,,,ABSENT,ABSENT,NOT_APPLICABLE,UN70U8000HF,,,NOT_CAPTURED,,,ABSENT,,"[Basis] No automated issues found
[Comparison]
  Model: OCR=UN70U8000HF; PDP=UN70U8000HFXZA; assessment=not assessed"
536,TV,UN75M70HAFXZA,https://www.samsung.com/us/tvs/mini-led-tv/75-inch-mini-led-4k-tv-m70h-sku-un75m70hafxza/,PASS,NO_AUTOMATED_EXCEPTION,IN_SCOPE,https://images.samsung.com/is/content/samsung/p6pim/us/un75m70hafxza/energyguide/us-energyguide-un75m70hafxza-551502574.pdf,LINKED_UNVERIFIED,,,ABSENT,ABSENT,NOT_APPLICABLE,UN75M70HAF,,,NOT_CAPTURED,,,ABSENT,,"[Basis] No automated issues found
[Comparison]
  Model: OCR=UN75M70HAF; PDP=UN75M70HAFXZA; assessment=not assessed"
537,TV,UN75M80HAFXZA,https://www.samsung.com/us/tvs/mini-led-tv/75-inch-mini-led-4k-tv-m80h-sku-un75m80hafxza/,PASS,NO_AUTOMATED_EXCEPTION,IN_SCOPE,https://images.samsung.com/is/content/samsung/p6pim/us/un75m80hafxza/energyguide/us-energyguide-un75m80hafxza-551528814.pdf,LINKED_UNVERIFIED,,,ABSENT,ABSENT,NOT_APPLICABLE,UN75M80HAF,,,NOT_CAPTURED,,,ABSENT,,"[Basis] No automated issues found
[Comparison]
  Model: OCR=UN75M80HAF; PDP=UN75M80HAFXZA; assessment=not assessed"
538,TV,UN75U7900FFXZA,https://www.samsung.com/us/tvs/uhd-4k-tv/75-inch-class-crystal-uhd-u7900f-4k-smart-tv-sku-un75u7900ffxza/,PASS,NO_AUTOMATED_EXCEPTION,IN_SCOPE,https://images.samsung.com/is/content/samsung/p6pim/us/un75u7900ffxza/energyguide/us-energyguide-un75u7900ffxza-548285139.pdf,LINKED_UNVERIFIED,,,ABSENT,ABSENT,NOT_APPLICABLE,UN75U7900FF,,,NOT_CAPTURED,,,ABSENT,,"[Basis] No automated issues found
[Comparison]
  Model: OCR=UN75U7900FF; PDP=UN75U7900FFXZA; assessment=not assessed"
539,TV,UN75U8000FFXZA,https://www.samsung.com/us/tvs/uhd-4k-tv/75-inch-class-crystal-uhd-u8000f-4k-smart-tv-sku-un75u8000ffxza/,PASS,NO_AUTOMATED_EXCEPTION,IN_SCOPE,https://images.samsung.com/is/content/samsung/p6pim/us/un75u8000ffxza/energyguide/us-energyguide-un75u8000ffxza-546953529.pdf,LINKED_UNVERIFIED,,,ABSENT,ABSENT,NOT_APPLICABLE,UN75U8000FF,,,NOT_CAPTURED,,,ABSENT,,"[Basis] No automated issues found
[Comparison]
  Model: OCR=UN75U8000FF; PDP=UN75U8000FFXZA; assessment=not assessed"
540,TV,UN75U8000HFXZA,https://www.samsung.com/us/tvs/uhd-4k-tv/75-inch-crystal-uhd-4k-tv-u8000h-sku-un75u8000hfxza/,PASS,NO_AUTOMATED_EXCEPTION,IN_SCOPE,https://images.samsung.com/is/content/samsung/p6pim/us/un75u8000hfxza/energyguide/us-energyguide-un75u8000hfxza-551502133.pdf,LINKED_UNVERIFIED,,,ABSENT,ABSENT,NOT_APPLICABLE,UN75U8000HF,,,NOT_CAPTURED,,,ABSENT,,"[Basis] No automated issues found
[Comparison]
  Model: OCR=UN75U8000HF; PDP=UN75U8000HFXZA; assessment=not assessed"
541,TV,UN85M70HAFXZA,https://www.samsung.com/us/tvs/mini-led-tv/85-inch-mini-led-4k-tv-m70h-sku-un85m70hafxza/,PASS,NO_AUTOMATED_EXCEPTION,IN_SCOPE,https://images.samsung.com/is/content/samsung/p6pim/us/un85m70hafxza/energyguide/us-energyguide-un85m70hafxza-551502598.pdf,LINKED_UNVERIFIED,,,ABSENT,ABSENT,NOT_APPLICABLE,UN85M70HAF,,,NOT_CAPTURED,,,ABSENT,,"[Basis] No automated issues found
[Comparison]
  Model: OCR=UN85M70HAF; PDP=UN85M70HAFXZA; assessment=not assessed"
542,TV,UN85M80HAFXZA,https://www.samsung.com/us/tvs/mini-led-tv/85-inch-mini-led-4k-tv-m80h-sku-un85m80hafxza/,PASS,NO_AUTOMATED_EXCEPTION,IN_SCOPE,https://images.samsung.com/is/content/samsung/p6pim/us/un85m80hafxza/energyguide/us-energyguide-un85m80hafxza-551591120.pdf,LINKED_UNVERIFIED,,,ABSENT,ABSENT,NOT_APPLICABLE,UN85M80HAF,,,NOT_CAPTURED,,,ABSENT,,"[Basis] No automated issues found
[Comparison]
  Model: OCR=UN85M80HAF; PDP=UN85M80HAFXZA; assessment=not assessed"
543,TV,UN85U7900FFXZA,https://www.samsung.com/us/tvs/uhd-4k-tv/85-inch-class-crystal-uhd-u7900f-4k-smart-tv-sku-un85u7900ffxza/,PASS,NO_AUTOMATED_EXCEPTION,IN_SCOPE,https://images.samsung.com/is/content/samsung/p6pim/us/un85u7900ffxza/energyguide/us-energyguide-un85u7900ffxza-549104513.pdf,LINKED_UNVERIFIED,,,ABSENT,ABSENT,NOT_APPLICABLE,UN85U7900FF,,,NOT_CAPTURED,,,ABSENT,,"[Basis] No automated issues found
[Comparison]
  Model: OCR=UN85U7900FF; PDP=UN85U7900FFXZA; assessment=not assessed"
544,TV,UN85U8000FFXZA,https://www.samsung.com/us/tvs/uhd-4k-tv/85-inch-class-crystal-uhd-u8000f-4k-smart-tv-sku-un85u8000ffxza/,PASS,NO_AUTOMATED_EXCEPTION,IN_SCOPE,https://images.samsung.com/is/content/samsung/p6pim/us/un85u8000ffxza/energyguide/us-energyguide-un85u8000ffxza-546953555.pdf,LINKED_UNVERIFIED,,,ABSENT,ABSENT,NOT_APPLICABLE,UN85U8000FF,,,NOT_CAPTURED,,,ABSENT,,"[Basis] No automated issues found
[Comparison]
  Model: OCR=UN85U8000FF; PDP=UN85U8000FFXZA; assessment=not assessed"
545,TV,UN85U8000HFXZA,https://www.samsung.com/us/tvs/uhd-4k-tv/85-inch-crystal-uhd-4k-tv-u8000h-sku-un85u8000hfxza/,PASS,NO_AUTOMATED_EXCEPTION,IN_SCOPE,https://images.samsung.com/is/content/samsung/p6pim/us/un85u8000hfxza/energyguide/us-energyguide-un85u8000hfxza-551502061.pdf,LINKED_UNVERIFIED,,,ABSENT,ABSENT,NOT_APPLICABLE,UN85U8000HF,,,NOT_CAPTURED,,,ABSENT,,"[Basis] No automated issues found
[Comparison]
  Model: OCR=UN85U8000HF; PDP=UN85U8000HFXZA; assessment=not assessed"
546,TV,UN98U9000HFXZA,https://www.samsung.com/us/tvs/uhd-4k-tv/98-inch-crystal-uhd-4k-tv-u9000h-sku-un98u9000hfxza/,PASS,NO_AUTOMATED_EXCEPTION,IN_SCOPE,https://images.samsung.com/is/content/samsung/p6pim/us/un98u9000hfxza/energyguide/us-energyguide-un98u9000hfxza-553414458.pdf,LINKED_UNVERIFIED,,,ABSENT,ABSENT,NOT_APPLICABLE,UN98U9000HF,,,NOT_CAPTURED,,,ABSENT,,"[Basis] No automated issues found
[Comparison]
  Model: OCR=UN98U9000HF; PDP=UN98U9000HFXZA; assessment=not assessed"
547,태블릿,SM-X230NZAIXAR,https://www.samsung.com/us/tablets/galaxy-tab-a11-plus/buy/galaxy-tab-a11-plus-128gb-gray-wi-fi-sku-sm-x230nzaixar/,PASS,NO_AUTOMATED_EXCEPTION,IN_SCOPE,,MISSING,,7040,PRESENT,PRESENT,NOT_APPLICABLE,,,,NOT_CAPTURED,,,PRESENT,,[Basis] No automated issues found
548,태블릿,SM-X230NZAVXAR,https://www.samsung.com/us/tablets/galaxy-tab-a11-plus/buy/galaxy-tab-a11-plus-kids-edition-128gb-blue-wi-fi-sku-sm-x230nzavxar/,PASS,NO_AUTOMATED_EXCEPTION,IN_SCOPE,,MISSING,,7040,PRESENT,PRESENT,NOT_APPLICABLE,,,,NOT_CAPTURED,,,PRESENT,,[Basis] No automated issues found
549,태블릿,SM-X238UZAAVZW,https://www.samsung.com/us/tablets/galaxy-tab-a11-plus/buy/galaxy-tab-a11-plus-5g-128gb-gray-sku-sm-x238uzaavzw/,PASS,NO_AUTOMATED_EXCEPTION,IN_SCOPE,,MISSING,,7040,PRESENT,PRESENT,NOT_APPLICABLE,,,,NOT_CAPTURED,,,PRESENT,,[Basis] No automated issues found
550,태블릿,SM-X400NZAAXAR,https://www.samsung.com/us/tablets/galaxy-tab-s10-lite/buy/galaxy-tab-s10-lite-128gb-gray-wi-fi-sku-sm-x400nzaaxar/,PASS,NO_AUTOMATED_EXCEPTION,IN_SCOPE,,MISSING,,8000,PRESENT,PRESENT,NOT_APPLICABLE,,,,NOT_CAPTURED,,,PRESENT,,[Basis] No automated issues found
551,태블릿,SM-X520NZAAXAR,https://www.samsung.com/us/tablets/galaxy-tab-s10-fe/buy/galaxy-tab-s10-fe-gray-128gb-sku-sm-x520nzaaxar/,PASS,NO_AUTOMATED_EXCEPTION,IN_SCOPE,,MISSING,,8000,ABSENT,ABSENT,NOT_APPLICABLE,,,,NOT_CAPTURED,,,ABSENT,,[Basis] No automated issues found
552,태블릿,SM-X528UZAAATT,https://www.samsung.com/us/tablets/galaxy-tab-s10-fe/buy/galaxy-tab-s10-fe-5g-gray-128gb-sku-sm-x528uzaaatt/,PASS,NO_AUTOMATED_EXCEPTION,IN_SCOPE,,MISSING,,8000,ABSENT,ABSENT,NOT_APPLICABLE,,,,NOT_CAPTURED,,,ABSENT,,[Basis] No automated issues found
553,태블릿,SM-X620NLBAXAR,https://www.samsung.com/us/tablets/galaxy-tab-s10-fe/buy/galaxy-tab-s10-fe-plus-blue-128gb-sku-sm-x620nlbaxar/,PASS,NO_AUTOMATED_EXCEPTION,IN_SCOPE,,MISSING,,10090,ABSENT,ABSENT,NOT_APPLICABLE,,,,NOT_CAPTURED,,,ABSENT,,[Basis] No automated issues found
554,태블릿,SM-X730NZAAXAR,https://www.samsung.com/us/tablets/galaxy-tab-s11/buy/galaxy-tab-s11-128gb-gray-wi-fi-sku-sm-x730nzaaxar/,PASS,NO_AUTOMATED_EXCEPTION,IN_SCOPE,,MISSING,,8400,PRESENT,PRESENT,NOT_APPLICABLE,,,,NOT_CAPTURED,,,PRESENT,,[Basis] No automated issues found
555,태블릿,SM-X820NZAEXAR,https://www.samsung.com/us/tablets/galaxy-tab-s10/buy/galaxy-tab-s10-plus-512gb-moonstone-gray-wi-fi-sku-sm-x820nzaexar/,PASS,NO_AUTOMATED_EXCEPTION,IN_SCOPE,,MISSING,,10090,ABSENT,ABSENT,NOT_APPLICABLE,,,,NOT_CAPTURED,,,ABSENT,,[Basis] No automated issues found
556,태블릿,SM-X828UZAAVZW,https://www.samsung.com/us/tablets/galaxy-tab-s10/buy/galaxy-tab-s10-plus-moonstone-gray-256gb-5g-sku-sm-x828uzaavzw/,PASS,NO_AUTOMATED_EXCEPTION,IN_SCOPE,,MISSING,,10090,ABSENT,ABSENT,NOT_APPLICABLE,,,,NOT_CAPTURED,,,ABSENT,,[Basis] No automated issues found
557,태블릿,SM-X930NZAAXAR,https://www.samsung.com/us/tablets/galaxy-tab-s11/buy/galaxy-tab-s11-ultra-256gb-gray-wi-fi-sku-sm-x930nzaaxar/,PASS,NO_AUTOMATED_EXCEPTION,IN_SCOPE,,MISSING,,11600,PRESENT,PRESENT,NOT_APPLICABLE,,,,NOT_CAPTURED,,,PRESENT,,[Basis] No automated issues found
